Player,Team,Pos,Speed,Power,Speed+Power,Def Boost,EPM,EPM Off,EPM Def,Off -12,Off -11,Off -10,Off -9,Off -8,Off -7,Off -6,Off -5,Off -4,Off -3,Off -2,Off -1,Off +0,Off +1,Off +2,Off +3,Off +4,Off +5,Off +6,Off +7,Off +8,Off +9,Off +10,Off +11,Off +12,Off +13,Off +14,Off +15,Off +16,Off +17,Off +18,Total Advantages,Total Disadvantages,Neutral Matchups,Adv by Speed,Adv by Power,Adv by Both,Off Adv Magnitude,Off Dis Magnitude,Off Net Magnitude,Off Mean Roll Bonus,Off Max,Off Min,Off Blunted by Opp Def,Off Neutralised by Opp Def,Def -12,Def -11,Def -10,Def -9,Def -8,Def -7,Def -6,Def -5,Def -4,Def -3,Def -2,Def -1,Def +0,Def +1,Def +2,Def +3,Def +4,Def +5,Def +6,Def +7,Def +8,Def +9,Def +10,Def +11,Def +12,Def +13,Def +14,Def +15,Def +16,Def +17,Def +18,Advantages Allowed,Penalties Forced,Neutrals Allowed,Def Magnitude Allowed,Def Net Magnitude,Def Mean Allowed,Def Blunted (his Def Boost),Def Neutralised (his Def Boost),Net Edge,Budget Net Edge,Def Boost Credit,Net Edge z,EPM z,Residual,Off Residual,Def Residual
Tyrese Maxey,PHI,PG,16,9,25,0,3.0841,2.969,0.1151,0,0,0,0,0,0,0,0,0,0,1,3,14,15,11,20,25,32,31,45,42,44,36,13,12,4,1,0,0,0,0,331,4,14,164,0,167,2303,5,2298,6.5845,14,-2,140,11,0,0,0,0,0,3,6,14,24,35,47,47,41,42,25,22,19,7,6,7,2,0,1,1,0,0,0,0,0,0,0,132,176,41,391,-78,-0.2235,0,0,6.808,7.2092,-0.4011,1.3845,1.391,-0.0066,0.1044,0.7725
Amen Thompson,HOU,PG,15,9,24,1,2.4097,1.1107,1.2991,0,0,0,0,0,0,0,0,0,1,1,4,24,14,20,25,32,31,45,42,44,36,13,12,4,1,0,0,0,0,0,319,6,24,152,3,164,1975,9,1966,5.6332,13,-3,130,14,0,0,0,0,0,3,6,14,24,35,47,43,86,25,23,19,7,6,7,2,0,1,1,0,0,0,0,0,0,0,0,91,172,86,261,-204,-0.5845,134,43,6.2178,6.2063,0.0115,1.2644,1.1053,0.1591,0.7228,-0.0824
Kevin Durant,HOU,SF,12,15,27,1,4.0793,3.41,0.6693,0,0,0,0,0,0,0,0,0,0,0,1,12,8,12,29,26,48,44,51,45,27,23,14,6,3,0,0,0,0,0,336,1,12,15,76,245,2182,1,2181,6.2493,13,-1,136,10,0,0,1,4,11,12,28,41,49,48,40,28,48,16,13,5,3,2,0,0,0,0,0,0,0,0,0,0,0,0,0,39,262,48,79,-960,-2.7507,61,22,9,9.2149,-0.2149,1.8302,1.8127,0.0176,-0.2489,1.3954
Luka Dončić,LAL,PG,17,13,30,0,6.6209,6.4399,0.181,0,0,0,0,0,0,0,0,0,0,0,0,2,6,7,19,17,26,43,29,48,42,44,36,13,12,4,1,0,0,0,347,0,2,47,5,295,2717,0,2717,7.7851,15,0,146,2,0,3,6,14,20,37,37,46,38,43,35,25,19,9,6,7,2,0,1,1,0,0,0,0,0,0,0,0,0,0,0,26,304,19,63,-1403,-4.0201,0,0,11.8052,12.2235,-0.4183,2.4007,2.8894,-0.4888,-1.2627,2.3632
Trey Murphy III,NOP,SF,11,12,23,-1,1.8653,2.4406,-0.5753,0,0,0,0,0,0,0,0,0,1,1,7,32,21,43,40,62,61,30,25,16,7,3,0,0,0,0,0,0,0,0,308,9,32,39,80,189,1356,12,1344,3.851,10,-3,120,23,0,0,0,0,2,10,10,22,30,43,48,39,36,36,22,19,20,6,2,3,1,0,0,0,0,0,0,0,0,0,0,109,204,36,288,-352,-1.0086,0,0,4.8596,5.2034,-0.3438,0.9882,0.8747,0.1135,-0.6264,1.7029
Jamal Murray,DEN,PG,15,10,25,-2,2.8891,4.5919,-1.7028,0,0,0,0,0,0,0,0,0,0,2,0,23,15,19,30,32,31,45,42,44,36,13,12,4,1,0,0,0,0,0,324,2,23,124,8,192,1989,4,1985,5.6877,13,-2,132,15,0,0,0,0,3,6,14,24,34,44,46,37,46,28,22,21,7,6,7,2,0,1,1,0,0,0,0,0,0,0,0,95,208,46,268,-399,-1.1433,0,0,6.8309,7.2092,-0.3782,1.3891,1.3084,0.0807,-1.0716,2.7247
Jalen Johnson,ATL,SF,11,11,22,0,1.4169,1.3867,0.0302,0,0,0,0,0,0,0,0,1,0,2,9,38,32,45,51,65,47,28,18,9,4,0,0,0,0,0,0,0,0,0,299,12,38,57,71,171,1172,17,1155,3.3095,9,-4,113,27,0,0,0,0,1,8,8,17,24,43,40,44,36,37,33,21,18,11,4,2,1,1,0,0,0,0,0,0,0,0,0,128,185,36,348,-198,-0.5673,0,0,3.8768,4.2006,-0.3238,0.7884,0.6847,0.1036,-0.2765,0.9942
Jabari Smith Jr.,HOU,PF,8,12,20,0,0.4424,0.3785,0.0638,0,0,0,0,0,0,0,1,1,4,8,15,41,30,48,34,50,44,27,23,14,6,3,0,0,0,0,0,0,0,0,279,29,41,10,169,100,1167,52,1115,3.1948,10,-5,88,19,0,0,0,0,0,0,1,4,12,12,35,42,51,49,32,27,30,17,14,14,5,2,2,0,0,0,0,0,0,0,0,192,106,51,659,437,1.2521,0,0,1.9427,2.1948,-0.2521,0.3951,0.2719,0.1232,0.2068,0.1761
Anthony Edwards,MIN,SG,14,10,24,-1,2.3833,3.0183,-0.635,0,0,0,0,0,0,0,0,0,1,1,2,30,17,26,43,29,48,42,44,36,13,12,4,1,0,0,0,0,0,0,315,4,30,115,10,190,1695,7,1688,4.8367,12,-3,125,17,0,0,0,0,3,6,14,20,37,37,46,38,42,35,25,20,9,6,7,2,0,1,1,0,0,0,0,0,0,0,0,106,201,42,286,-353,-1.0115,0,0,5.8481,6.2063,-0.3582,1.1893,1.0942,0.0951,-0.5647,1.7551
Jalen Brunson,NYK,PG,16,9,25,-1,2.7785,3.9863,-1.2078,0,0,0,0,0,0,0,0,0,0,1,3,14,15,11,20,25,32,31,45,42,44,36,13,12,4,1,0,0,0,0,331,4,14,164,0,167,2303,5,2298,6.5845,14,-2,140,11,0,0,0,0,0,3,6,14,24,35,47,47,41,42,25,22,19,7,6,7,2,0,1,1,0,0,0,0,0,0,0,132,176,41,391,-78,-0.2235,0,0,6.808,7.2092,-0.4011,1.3845,1.2616,0.1229,-0.4258,1.9027
VJ Edgecombe,PHI,SG,12,8,20,0,0.3679,0.2008,0.1671,0,0,0,0,0,0,0,1,1,2,14,20,39,43,29,48,42,44,36,13,12,4,1,0,0,0,0,0,0,0,0,272,38,39,155,12,105,1082,63,1019,2.9198,10,-5,94,15,0,0,0,0,0,0,3,6,14,20,37,37,45,38,43,35,25,20,9,6,7,2,0,1,1,0,0,0,0,0,0,187,117,45,622,347,0.9943,0,0,1.9255,2.1948,-0.2693,0.3916,0.2403,0.1512,0.1982,0.1997
Nikola Jokić,DEN,C,10,20,30,1,7.4577,6.9086,0.5491,0,0,0,0,0,0,0,0,0,0,0,0,1,3,3,5,6,10,7,14,31,27,42,33,50,44,27,23,14,6,3,348,0,1,0,151,197,3787,0,3787,10.851,18,0,142,1,0,0,0,0,1,4,12,13,42,47,53,45,57,24,16,14,13,4,2,2,0,0,0,0,0,0,0,0,0,0,0,75,217,57,196,-437,-1.2521,100,25,12.1032,12.2235,-0.1203,2.4613,3.2439,-0.7827,-0.3784,0.848
James Harden,CLE,PG,14,10,24,-1,2.4092,3.2222,-0.8131,0,0,0,0,0,0,0,0,0,1,1,2,30,17,26,43,29,48,42,44,36,13,12,4,1,0,0,0,0,0,0,315,4,30,115,10,190,1695,7,1688,4.8367,12,-3,125,17,0,0,0,0,3,6,14,20,37,37,46,38,42,35,25,20,9,6,7,2,0,1,1,0,0,0,0,0,0,0,0,106,201,42,286,-353,-1.0115,0,0,5.8481,6.2063,-0.3582,1.1893,1.1051,0.0841,-0.671,1.9073
Paolo Banchero,ORL,PF,8,12,20,0,0.3678,0.4837,-0.1159,0,0,0,0,0,0,0,1,1,4,8,15,41,30,48,34,50,44,27,23,14,6,3,0,0,0,0,0,0,0,0,279,29,41,10,169,100,1167,52,1115,3.1948,10,-5,88,19,0,0,0,0,0,0,1,4,12,12,35,42,51,49,32,27,30,17,14,14,5,2,2,0,0,0,0,0,0,0,0,192,106,51,659,437,1.2521,0,0,1.9427,2.1948,-0.2521,0.3951,0.2403,0.1548,0.152,0.3296
Austin Reaves,LAL,SG,14,10,24,0,2.3583,2.3639,-0.0056,0,0,0,0,0,0,0,0,0,1,1,2,30,17,26,43,29,48,42,44,36,13,12,4,1,0,0,0,0,0,0,315,4,30,115,10,190,1695,7,1688,4.8367,12,-3,125,17,0,0,0,0,3,6,14,20,37,37,46,38,42,35,25,20,9,6,7,2,0,1,1,0,0,0,0,0,0,0,0,106,201,42,286,-353,-1.0115,0,0,5.8481,6.2063,-0.3582,1.1893,1.0836,0.1057,-0.2236,1.2174
Keegan Murray,SAC,PF,8,10,18,1,-0.2784,-0.9973,0.7189,0,0,0,0,0,0,0,2,3,8,16,24,67,45,63,47,26,25,14,6,3,0,0,0,0,0,0,0,0,0,0,229,53,67,29,119,81,691,102,589,1.6877,8,-5,57,23,0,0,0,0,0,0,1,2,13,10,26,33,95,39,36,28,20,21,15,4,3,3,0,0,0,0,0,0,0,0,0,169,85,95,549,366,1.0487,214,45,0.639,0.1891,0.4499,0.1299,-0.0335,0.1634,0.3691,-0.2953
Jaylen Brown,PHI,SF,11,12,23,0,1.8761,1.9853,-0.1092,0,0,0,0,0,0,0,0,0,1,1,7,32,21,43,40,62,61,30,25,16,7,3,0,0,0,0,0,0,0,0,308,9,32,39,80,189,1356,12,1344,3.851,10,-3,120,23,0,0,0,0,2,10,10,22,30,43,48,39,36,36,22,19,20,6,2,3,1,0,0,0,0,0,0,0,0,0,0,109,204,36,288,-352,-1.0086,0,0,4.8596,5.2034,-0.3438,0.9882,0.8793,0.109,-0.3891,1.3047
Lauri Markkanen,UTA,PF,11,15,26,0,3.7762,3.3656,0.4106,0,0,0,0,0,0,0,0,0,0,1,1,16,8,17,27,30,48,34,50,44,27,23,14,6,3,0,0,0,0,0,331,2,16,10,103,218,2127,3,2124,6.086,13,-2,129,13,0,0,0,1,4,12,12,35,42,52,49,32,26,30,17,14,14,5,2,2,0,0,0,0,0,0,0,0,0,0,0,84,239,26,213,-613,-1.7564,0,0,7.8424,8.212,-0.3696,1.5948,1.6843,-0.0895,-0.2858,1.185
Derrick White,BOS,SG,16,10,26,2,3.8091,1.4354,2.3737,0,0,0,0,0,0,0,0,0,0,1,1,13,15,14,20,25,32,31,45,42,44,36,13,12,4,1,0,0,0,0,334,2,13,134,3,197,2309,3,2306,6.6074,14,-2,140,10,0,0,0,0,3,6,14,24,35,47,43,44,90,19,7,6,7,2,0,1,1,0,0,0,0,0,0,0,0,0,0,43,216,90,104,-577,-1.6533,157,48,8.2607,8.212,0.0487,1.6799,1.6982,-0.0183,0.9121,-0.5368
Cade Cunningham,DET,PG,15,11,26,1,3.9266,3.251,0.6756,0,0,0,0,0,0,0,0,0,0,1,1,13,19,17,26,43,29,48,42,44,36,13,12,4,1,0,0,0,0,0,334,2,13,92,18,224,2029,3,2026,5.8052,13,-2,137,12,0,0,0,3,6,14,20,37,37,46,38,43,59,20,9,6,7,2,0,1,1,0,0,0,0,0,0,0,0,0,0,46,244,59,109,-774,-2.2178,71,25,8.0229,8.212,-0.1891,1.6315,1.748,-0.1165,-0.3295,1.1588
Brandon Ingram,TOR,SF,9,9,18,-1,-0.3449,0.2374,-0.5823,0,0,0,0,0,0,1,0,2,9,12,32,71,51,65,47,28,18,9,4,0,0,0,0,0,0,0,0,0,0,0,222,56,71,55,70,97,606,97,509,1.4585,7,-6,59,25,0,0,0,0,0,0,1,8,8,17,24,43,39,44,37,37,33,21,18,11,4,2,1,1,0,0,0,0,0,0,0,209,101,39,722,502,1.4384,0,0,0.0201,0.1891,-0.1691,0.0041,-0.0617,0.0657,-0.3588,0.6473
Desmond Bane,ORL,SG,13,10,23,0,1.5551,1.657,-0.1019,0,0,0,0,0,0,0,0,0,1,2,1,36,23,41,39,48,46,46,36,13,12,4,1,0,0,0,0,0,0,0,309,4,36,109,24,176,1435,8,1427,4.0888,11,-3,118,19,0,0,0,0,3,6,12,19,30,39,41,39,40,37,33,22,9,8,7,2,0,1,1,0,0,0,0,0,0,0,0,120,189,40,320,-271,-0.7765,0,0,4.8653,5.2034,-0.3381,0.9894,0.7433,0.2461,-0.1305,1.1978
Donovan Mitchell,CLE,SG,16,10,26,0,3.9823,4.2765,-0.2942,0,0,0,0,0,0,0,0,0,0,1,1,13,15,14,20,25,32,31,45,42,44,36,13,12,4,1,0,0,0,0,334,2,13,134,3,197,2309,3,2306,6.6074,14,-2,140,10,0,0,0,0,3,6,14,24,35,47,43,44,42,25,23,19,7,6,7,2,0,1,1,0,0,0,0,0,0,0,0,91,216,42,261,-420,-1.2034,0,0,7.8109,8.212,-0.4011,1.5884,1.7716,-0.1832,-0.5686,1.5473
Devin Booker,PHX,SG,14,10,24,0,2.1624,2.6465,-0.4841,0,0,0,0,0,0,0,0,0,1,1,2,30,17,26,43,29,48,42,44,36,13,12,4,1,0,0,0,0,0,0,315,4,30,115,10,190,1695,7,1688,4.8367,12,-3,125,17,0,0,0,0,3,6,14,20,37,37,46,38,42,35,25,20,9,6,7,2,0,1,1,0,0,0,0,0,0,0,0,106,201,42,286,-353,-1.0115,0,0,5.8481,6.2063,-0.3582,1.1893,1.0006,0.1887,-0.3709,1.6262
Cooper Flagg,DAL,SF,9,10,19,0,-0.0748,0.017,-0.0918,0,0,0,0,0,0,0,1,1,7,10,18,68,40,62,61,30,25,16,7,3,0,0,0,0,0,0,0,0,0,0,244,37,68,44,92,108,761,68,693,1.9857,8,-5,71,29,0,0,0,0,0,0,2,10,10,22,30,43,47,39,37,36,22,19,20,6,2,3,1,0,0,0,0,0,0,0,0,185,117,47,619,348,0.9971,0,0,0.9885,1.192,-0.2034,0.201,0.0528,0.1482,-0.0499,0.4196
Scottie Barnes,TOR,PF,10,14,24,2,2.7694,0.9986,1.7707,0,0,0,0,0,0,0,0,0,1,1,4,20,17,27,30,48,34,50,44,27,23,14,6,3,0,0,0,0,0,0,323,6,20,9,126,188,1796,9,1787,5.1203,12,-3,116,13,0,0,0,0,1,4,12,12,35,42,52,49,88,17,14,14,5,2,2,0,0,0,0,0,0,0,0,0,0,0,0,54,207,88,129,-458,-1.3123,195,57,6.4327,6.2063,0.2264,1.3081,1.2577,0.0504,0.5924,-0.1697
Nickeil Alexander-Walker,ATL,SG,14,9,23,0,1.8349,1.7957,0.0393,0,0,0,0,0,0,0,0,0,2,0,9,29,19,30,32,31,45,42,44,36,13,12,4,1,0,0,0,0,0,0,309,11,29,142,4,163,1665,15,1650,4.7278,12,-3,117,11,0,0,0,0,0,3,6,14,24,34,44,46,36,47,28,22,21,7,6,7,2,0,1,1,0,0,0,0,0,0,0,142,171,36,410,-49,-0.1404,0,0,4.8682,5.2034,-0.3352,0.99,0.8618,0.1281,0.0325,0.8012
Deni Avdija,POR,SF,11,12,23,-1,1.8197,2.7806,-0.961,0,0,0,0,0,0,0,0,0,1,1,7,32,21,43,40,62,61,30,25,16,7,3,0,0,0,0,0,0,0,0,308,9,32,39,80,189,1356,12,1344,3.851,10,-3,120,23,0,0,0,0,2,10,10,22,30,43,48,39,36,36,22,19,20,6,2,3,1,0,0,0,0,0,0,0,0,0,0,109,204,36,288,-352,-1.0086,0,0,4.8596,5.2034,-0.3438,0.9882,0.8554,0.1329,-0.8037,2.0324
Alperen Şengün,HOU,C,8,12,20,-1,0.4834,1.2583,-0.7749,0,0,0,0,0,0,0,1,1,4,8,15,41,30,48,34,50,44,27,23,14,6,3,0,0,0,0,0,0,0,0,279,29,41,10,169,100,1167,52,1115,3.1948,10,-5,88,19,0,0,0,0,0,0,1,4,12,12,35,42,51,49,32,27,30,17,14,14,5,2,2,0,0,0,0,0,0,0,0,192,106,51,659,437,1.2521,0,0,1.9427,2.1948,-0.2521,0.3951,0.2892,0.1058,-0.2517,0.8927
Toumani Camara,POR,PF,9,11,20,1,0.5195,-0.3338,0.8533,0,0,0,0,0,0,0,0,2,3,8,16,51,40,45,63,47,26,25,14,6,3,0,0,0,0,0,0,0,0,0,269,29,51,27,117,125,960,49,911,2.6103,9,-4,85,28,0,0,0,0,0,1,2,13,10,26,33,51,83,36,28,20,21,15,4,3,3,0,0,0,0,0,0,0,0,0,0,130,136,83,380,61,0.1748,169,39,2.4355,2.1948,0.2407,0.4953,0.3046,0.1907,0.3629,-0.031
Shai Gilgeous-Alexander,OKC,PG,18,12,30,2,8.1376,6.6214,1.5162,0,0,0,0,0,0,0,0,0,0,0,0,1,4,10,15,14,20,25,32,31,45,42,44,36,13,12,4,1,0,0,348,0,1,79,1,268,3001,0,3001,8.5989,16,0,145,1,0,0,3,6,14,24,35,47,43,44,43,25,48,6,7,2,0,1,1,0,0,0,0,0,0,0,0,0,0,0,0,17,284,48,37,-1187,-3.4011,67,26,12,12.2235,-0.2235,2.4403,3.532,-1.0917,-1.0578,0.954
Pascal Siakam,IND,PF,9,13,22,0,1.3557,1.5073,-0.1516,0,0,0,0,0,0,0,0,1,1,4,8,29,27,30,48,34,50,44,27,23,14,6,3,0,0,0,0,0,0,0,306,14,29,6,154,146,1473,23,1450,4.1547,11,-4,103,15,0,0,0,0,0,1,4,12,12,35,42,52,48,32,27,30,17,14,14,5,2,2,0,0,0,0,0,0,0,0,0,143,158,48,467,87,0.2493,0,0,3.9054,4.2006,-0.2951,0.7942,0.6588,0.1354,-0.0282,0.7952
LeBron James,PHI,SF,10,12,22,0,1.304,1.255,0.0489,0,0,0,0,0,0,0,0,0,2,3,8,37,30,40,45,63,47,26,25,14,6,3,0,0,0,0,0,0,0,0,299,13,37,30,102,167,1259,20,1239,3.5501,10,-3,107,22,0,0,0,0,1,2,13,10,26,33,51,45,38,36,28,20,21,15,4,3,3,0,0,0,0,0,0,0,0,0,0,130,181,38,380,-120,-0.3438,0,0,3.894,4.2006,-0.3066,0.7919,0.6369,0.155,-0.1193,0.8812
OG Anunoby,NYK,PF,11,14,25,1,3.0033,1.8139,1.1894,0,0,0,0,0,0,0,0,0,0,1,3,17,12,29,26,48,44,51,45,27,23,14,6,3,0,0,0,0,0,0,328,4,17,14,100,214,1846,5,1841,5.2751,12,-2,126,14,0,0,0,1,4,11,12,28,41,49,48,40,54,22,16,13,5,3,2,0,0,0,0,0,0,0,0,0,0,0,0,61,234,54,140,-637,-1.8252,88,27,7.1003,7.2092,-0.1089,1.4439,1.3568,0.0871,0.2244,0.5495
Dyson Daniels,ATL,SG,14,10,24,3,2.5899,0.0833,2.5066,0,0,0,0,0,0,0,0,0,1,1,2,30,17,26,43,29,48,42,44,36,13,12,4,1,0,0,0,0,0,0,315,4,30,115,10,190,1695,7,1688,4.8367,12,-3,125,17,0,0,0,0,3,6,14,20,37,37,46,38,122,9,6,7,2,0,1,1,0,0,0,0,0,0,0,0,0,0,0,26,201,122,63,-576,-1.6504,223,80,6.4871,6.2063,0.2808,1.3192,1.1817,0.1375,0.965,-0.6517
Keyonte George,UTA,PG,13,7,20,-2,0.2962,2.7274,-2.4312,0,0,0,0,0,0,0,1,1,4,11,18,29,25,32,31,45,42,44,36,13,12,4,1,0,0,0,0,0,0,0,285,35,29,212,0,73,1351,61,1290,3.6963,11,-5,106,14,0,0,0,0,0,0,0,3,6,14,24,35,46,43,44,43,25,23,19,7,6,7,2,0,1,1,0,0,0,0,0,221,82,46,794,630,1.8052,0,0,1.8911,2.1948,-0.3037,0.3846,0.2099,0.1746,-0.8329,2.0679
Julius Randle,BKN,PF,9,12,21,0,1.1154,1.2282,-0.1128,0,0,0,0,0,0,0,0,1,3,4,12,42,26,48,44,51,45,27,23,14,6,3,0,0,0,0,0,0,0,0,287,20,42,18,135,134,1202,33,1169,3.3496,10,-4,98,24,0,0,0,0,0,1,4,11,12,28,41,49,47,40,28,27,22,16,13,5,3,2,0,0,0,0,0,0,0,0,0,156,146,47,500,151,0.4327,0,0,2.9169,3.1977,-0.2808,0.5932,0.557,0.0362,-0.1791,0.6825
Mikal Bridges,NYK,SF,12,11,23,1,1.9284,0.9055,1.0229,0,0,0,0,0,0,0,0,0,1,1,3,27,36,27,59,54,53,49,19,12,7,1,0,0,0,0,0,0,0,0,317,5,27,75,57,185,1344,8,1336,3.8281,10,-3,121,19,0,0,0,0,6,8,10,19,34,41,41,41,73,32,19,10,9,4,0,1,1,0,0,0,0,0,0,0,0,0,0,76,200,73,171,-470,-1.3467,111,35,5.1748,5.2034,-0.0287,1.0523,0.9014,0.1509,0.1652,0.4842
Jayson Tatum,BOS,PF,12,14,26,1,4.0303,3.218,0.8123,0,0,0,0,0,0,0,0,0,0,0,2,13,13,22,30,40,45,63,47,26,25,14,6,3,0,0,0,0,0,0,334,2,13,20,74,240,1914,2,1912,5.4785,12,-1,134,11,0,0,1,2,13,10,26,33,51,45,39,36,47,21,15,4,3,3,0,0,0,0,0,0,0,0,0,0,0,0,0,46,256,47,90,-886,-2.5387,66,20,8.0172,8.212,-0.1948,1.6303,1.7919,-0.1616,-0.4325,1.1812
Michael Porter Jr.,BKN,SF,11,13,24,-1,2.3464,3.6809,-1.3344,0,0,0,0,0,0,0,0,0,0,2,3,23,22,30,40,45,63,47,26,25,14,6,3,0,0,0,0,0,0,0,321,5,23,21,93,207,1580,7,1573,4.5072,11,-2,123,16,0,0,0,1,2,13,10,26,33,51,45,39,35,28,20,21,15,4,3,3,0,0,0,0,0,0,0,0,0,0,0,94,220,35,250,-470,-1.3467,0,0,5.8539,6.2063,-0.3524,1.1904,1.0785,0.1119,-1.0313,2.4982
Bam Adebayo,MIA,C,10,16,26,2,3.5244,1.6785,1.8458,0,0,0,0,0,0,0,0,0,0,0,2,14,12,6,14,32,27,42,33,50,44,27,23,14,6,3,0,0,0,0,333,2,14,2,136,195,2419,2,2417,6.9255,14,-1,127,11,0,0,0,0,1,4,12,13,41,47,53,41,84,17,15,13,4,2,2,0,0,0,0,0,0,0,0,0,0,0,0,53,212,84,124,-501,-1.4355,179,49,8.361,8.212,0.149,1.7003,1.5776,0.1227,0.9025,-0.1803
Payton Pritchard,BOS,PG,15,8,23,-1,1.6413,2.6377,-0.9964,0,0,0,0,0,0,0,0,0,1,3,4,25,11,20,25,32,31,45,42,44,36,13,12,4,1,0,0,0,0,0,316,8,25,199,0,117,1972,13,1959,5.6132,13,-3,129,13,0,0,0,0,0,0,3,6,14,24,35,47,46,42,42,25,22,19,7,6,7,2,0,1,1,0,0,0,0,0,0,174,129,46,565,272,0.7794,0,0,4.8338,5.2034,-0.3696,0.983,0.7798,0.2032,-0.0805,1.287
Kawhi Leonard,LAC,SF,15,15,30,0,6.6271,6.2447,0.3824,0,0,0,0,0,0,0,0,0,0,0,0,3,2,6,15,24,32,45,51,65,47,28,18,9,4,0,0,0,0,0,346,0,3,25,30,291,2523,0,2523,7.2292,13,0,145,3,1,8,8,17,24,43,40,44,37,37,33,21,17,11,4,2,1,1,0,0,0,0,0,0,0,0,0,0,0,0,0,19,313,17,34,-1598,-4.5788,0,0,11.808,12.2235,-0.4155,2.4012,2.8921,-0.4908,-1.3656,2.4336
Ryan Rollins,MIL,PG,13,8,21,0,1.0852,0.7831,0.302,0,0,0,0,0,0,0,0,2,0,9,19,29,30,32,31,45,42,44,36,13,12,4,1,0,0,0,0,0,0,0,290,30,29,173,5,112,1356,45,1311,3.7564,11,-4,106,13,0,0,0,0,0,0,3,6,14,24,34,44,45,37,47,28,22,21,7,6,7,2,0,1,1,0,0,0,0,0,0,179,125,45,589,301,0.8625,0,0,2.894,3.1977,-0.3037,0.5885,0.5442,0.0443,0.2026,0.1416
Josh Giddey,CHI,PG,11,8,19,-1,-0.0042,1.0538,-1.0579,0,0,0,0,0,0,0,1,2,1,18,27,55,39,48,46,46,36,13,12,4,1,0,0,0,0,0,0,0,0,0,245,49,55,128,17,100,840,79,761,2.1805,9,-5,84,25,0,0,0,0,0,0,3,6,12,19,30,39,40,39,41,37,33,22,9,8,7,2,0,1,1,0,0,0,0,0,0,200,109,40,681,429,1.2292,0,0,0.9513,1.192,-0.2407,0.1935,0.0827,0.1108,-0.5185,1.1444
Evan Mobley,CLE,PF,10,13,23,1,1.6629,0.7351,0.9278,0,0,0,0,0,0,0,0,0,1,3,4,25,29,26,48,44,51,45,27,23,14,6,3,0,0,0,0,0,0,0,316,8,25,16,119,181,1518,13,1505,4.3123,11,-3,112,14,0,0,0,0,1,4,11,12,28,41,49,48,67,27,22,16,13,5,3,2,0,0,0,0,0,0,0,0,0,0,0,88,194,67,228,-315,-0.9026,116,28,5.2149,5.2034,0.0115,1.0605,0.789,0.2715,0.4323,0.3727
Immanuel Quickley,TOR,PG,15,9,24,0,2.257,2.1676,0.0894,0,0,0,0,0,0,0,0,0,1,1,4,24,14,20,25,32,31,45,42,44,36,13,12,4,1,0,0,0,0,0,319,6,24,152,3,164,1975,9,1966,5.6332,13,-3,130,14,0,0,0,0,0,3,6,14,24,35,47,43,43,43,25,23,19,7,6,7,2,0,1,1,0,0,0,0,0,0,0,134,172,43,395,-70,-0.2006,0,0,5.8338,6.2063,-0.3725,1.1863,1.0406,0.1457,0.1719,0.7845
Christian Braun,DEN,SG,10,8,18,0,-0.4275,-0.4698,0.0423,0,0,0,0,0,0,0,2,1,3,24,30,60,62,44,53,40,13,12,4,1,0,0,0,0,0,0,0,0,0,0,229,60,60,112,32,85,642,101,541,1.5501,8,-5,68,25,0,0,0,0,0,0,3,6,10,14,27,32,43,37,43,37,35,30,11,8,9,2,0,1,1,0,0,0,0,0,0,214,92,43,759,543,1.5559,0,0,-0.0057,0.1891,-0.1948,-0.0012,-0.0966,0.0955,0.0435,0.0627
Jaden McDaniels,MIN,PF,9,11,20,1,0.601,-0.5212,1.1222,0,0,0,0,0,0,0,0,2,3,8,16,51,40,45,63,47,26,25,14,6,3,0,0,0,0,0,0,0,0,0,269,29,51,27,117,125,960,49,911,2.6103,9,-4,85,28,0,0,0,0,0,1,2,13,10,26,33,51,83,36,28,20,21,15,4,3,3,0,0,0,0,0,0,0,0,0,0,130,136,83,380,61,0.1748,169,39,2.4355,2.1948,0.2407,0.4953,0.3391,0.1562,0.4606,-0.2607
Joel Embiid,PHI,C,9,16,25,0,3.2368,2.8916,0.3452,0,0,0,0,0,0,0,0,0,0,1,3,14,10,6,15,31,27,42,33,50,44,27,23,14,6,3,0,0,0,0,331,4,14,0,179,152,2416,5,2411,6.9083,14,-2,124,9,0,0,0,0,0,1,4,12,13,41,48,52,45,32,24,25,17,14,13,4,2,2,0,0,0,0,0,0,0,0,0,133,171,45,433,19,0.0544,0,0,6.8539,7.2092,-0.3553,1.3938,1.4557,-0.0619,0.2639,0.4553
Kon Knueppel,CHA,SF,12,12,24,0,2.6258,2.8642,-0.2384,0,0,0,0,0,0,0,0,0,1,0,2,23,24,32,45,51,65,47,28,18,9,4,0,0,0,0,0,0,0,0,323,3,23,54,63,206,1495,5,1490,4.2693,10,-3,128,15,0,0,0,1,8,8,17,24,43,40,44,37,36,33,21,18,11,4,2,1,1,0,0,0,0,0,0,0,0,0,0,91,222,36,220,-548,-1.5702,0,0,5.8395,6.2063,-0.3668,1.1875,1.1969,-0.0094,-0.6932,1.6587
Kelly Oubre Jr.,IND,SF,8,8,16,0,-1.0951,-0.7952,-0.2999,0,0,0,0,0,1,0,2,9,12,32,47,75,65,47,28,18,9,4,0,0,0,0,0,0,0,0,0,0,0,0,171,103,75,54,61,56,384,200,184,0.5272,6,-7,34,19,0,0,0,0,0,0,0,1,8,8,17,24,42,40,44,37,37,33,21,18,11,4,2,1,1,0,0,0,0,0,0,249,58,42,971,852,2.4413,0,0,-1.914,-1.8166,-0.0974,-0.3892,-0.3795,-0.0098,-0.1634,-0.029
Zach LaVine,SAC,SG,11,8,19,-2,0.1526,1.7755,-1.623,0,0,0,0,0,0,0,1,2,1,18,27,55,39,48,46,46,36,13,12,4,1,0,0,0,0,0,0,0,0,0,245,49,55,128,17,100,840,79,761,2.1805,9,-5,84,25,0,0,0,0,0,0,3,6,12,19,30,39,40,39,41,37,33,22,9,8,7,2,0,1,1,0,0,0,0,0,0,200,109,40,681,429,1.2292,0,0,0.9513,1.192,-0.2407,0.1935,0.1491,0.0443,-0.8947,1.6271
Tyler Herro,MIL,SG,14,10,24,-1,2.2194,3.0698,-0.8504,0,0,0,0,0,0,0,0,0,1,1,2,30,17,26,43,29,48,42,44,36,13,12,4,1,0,0,0,0,0,0,315,4,30,115,10,190,1695,7,1688,4.8367,12,-3,125,17,0,0,0,0,3,6,14,20,37,37,46,38,42,35,25,20,9,6,7,2,0,1,1,0,0,0,0,0,0,0,0,106,201,42,286,-353,-1.0115,0,0,5.8481,6.2063,-0.3582,1.1893,1.0247,0.1645,-0.5915,1.9392
Anthony Davis,WAS,PF,10,15,25,2,3.2607,1.6041,1.6565,0,0,0,0,0,0,0,0,0,0,1,2,19,12,11,32,30,42,33,50,44,27,23,14,6,3,0,0,0,0,0,327,3,19,6,130,191,2098,4,2094,6,13,-2,121,13,0,0,0,0,1,4,12,13,38,46,54,42,86,16,15,14,4,2,2,0,0,0,0,0,0,0,0,0,0,0,0,53,210,86,126,-487,-1.3954,186,55,7.3954,7.2092,0.1862,1.5039,1.4659,0.038,0.6006,-0.036
Andrew Nembhard,IND,PG,12,7,19,-1,-0.0545,1.1169,-1.1714,0,0,0,0,0,0,0,2,0,9,19,17,42,32,31,45,42,44,36,13,12,4,1,0,0,0,0,0,0,0,0,260,47,42,187,0,73,1066,92,974,2.7908,10,-5,93,16,0,0,0,0,0,0,0,3,6,14,24,34,43,46,37,47,28,22,21,7,6,7,2,0,1,1,0,0,0,0,0,225,81,43,814,651,1.8653,0,0,0.9255,1.192,-0.2665,0.1882,0.0614,0.1268,-0.3268,0.9654
Rudy Gobert,MIN,C,8,14,22,3,1.5968,-1.0517,2.6485,0,0,0,0,0,0,0,0,0,2,4,10,18,14,32,27,42,33,50,44,27,23,14,6,3,0,0,0,0,0,0,315,16,18,1,205,109,1765,24,1741,4.9885,12,-3,103,12,0,0,0,0,0,0,1,4,12,13,41,47,154,24,17,15,13,4,2,2,0,0,0,0,0,0,0,0,0,0,0,77,118,154,201,-41,-0.1175,419,102,5.106,4.2006,0.9054,1.0383,0.7609,0.2774,1.6125,-1.438
DeMar DeRozan,SAC,PF,7,9,16,-2,-1.0557,1.2792,-2.3349,0,0,0,0,0,0,2,3,8,16,24,45,67,63,47,26,25,14,6,3,0,0,0,0,0,0,0,0,0,0,0,184,98,67,17,118,49,462,200,262,0.7507,7,-6,34,12,0,0,0,0,0,0,0,1,2,13,10,26,32,51,45,39,36,28,20,21,15,4,3,3,0,0,0,0,0,0,0,265,52,32,1028,930,2.6648,0,0,-1.914,-1.8166,-0.0974,-0.3892,-0.3628,-0.0264,-1.1624,1.6126
Saddiq Bey,NOP,SF,10,10,20,-1,0.5598,1.5041,-0.9443,0,0,0,0,0,0,0,1,0,2,9,12,58,45,51,65,47,28,18,9,4,0,0,0,0,0,0,0,0,0,0,267,24,58,67,70,130,873,41,832,2.384,8,-5,86,27,0,0,0,0,0,1,8,8,17,24,43,40,43,37,37,33,21,18,11,4,2,1,1,0,0,0,0,0,0,0,0,165,141,43,513,152,0.4355,0,0,1.9484,2.1948,-0.2464,0.3962,0.3216,0.0746,-0.6784,1.3917
Jimmy Butler,GSW,SF,12,13,25,0,3.467,3.161,0.306,0,0,0,0,0,0,0,0,0,0,1,1,17,22,21,43,40,62,61,30,25,16,7,3,0,0,0,0,0,0,0,330,2,17,30,70,230,1686,3,1683,4.8223,11,-2,131,11,0,0,0,2,10,10,22,30,43,48,39,37,35,22,19,20,6,2,3,1,0,0,0,0,0,0,0,0,0,0,0,73,241,35,179,-702,-2.0115,0,0,6.8338,7.2092,-0.3754,1.3897,1.5533,-0.1636,-0.6443,1.385
Karl-Anthony Towns,NYK,C,10,17,27,2,4.368,2.8394,1.5286,0,0,0,0,0,0,0,0,0,0,0,1,10,7,10,6,15,31,27,42,33,50,44,27,23,14,6,3,0,0,0,338,1,10,1,141,196,2754,1,2753,7.8883,15,-1,132,8,0,0,0,0,1,4,12,13,41,48,52,46,80,17,14,13,4,2,2,0,0,0,0,0,0,0,0,0,0,0,0,52,217,80,122,-509,-1.4585,178,49,9.3467,9.2149,0.1318,1.9007,1.935,-0.0343,0.6518,0.1006
De'Aaron Fox,SAS,PG,15,9,24,0,2.3077,1.8368,0.4709,0,0,0,0,0,0,0,0,0,1,1,4,24,14,20,25,32,31,45,42,44,36,13,12,4,1,0,0,0,0,0,319,6,24,152,3,164,1975,9,1966,5.6332,13,-3,130,14,0,0,0,0,0,3,6,14,24,35,47,43,43,43,25,23,19,7,6,7,2,0,1,1,0,0,0,0,0,0,0,134,172,43,395,-70,-0.2006,0,0,5.8338,6.2063,-0.3725,1.1863,1.0621,0.1242,0.3443,0.4585
Miles Bridges,PHX,PF,9,11,20,-1,0.7177,1.3359,-0.6182,0,0,0,0,0,0,0,0,2,3,8,16,51,40,45,63,47,26,25,14,6,3,0,0,0,0,0,0,0,0,0,269,29,51,27,117,125,960,49,911,2.6103,9,-4,85,28,0,0,0,0,0,1,2,13,10,26,33,51,44,39,36,28,20,21,15,4,3,3,0,0,0,0,0,0,0,0,0,169,136,44,549,230,0.659,0,0,1.9513,2.1948,-0.2436,0.3968,0.3885,0.0083,-0.5074,1.0161
Onyeka Okongwu,ATL,C,8,12,20,0,0.4676,0.1157,0.3519,0,0,0,0,0,0,0,1,1,4,8,15,41,30,48,34,50,44,27,23,14,6,3,0,0,0,0,0,0,0,0,279,29,41,10,169,100,1167,52,1115,3.1948,10,-5,88,19,0,0,0,0,0,0,1,4,12,12,35,42,51,49,32,27,30,17,14,14,5,2,2,0,0,0,0,0,0,0,0,192,106,51,659,437,1.2521,0,0,1.9427,2.1948,-0.2521,0.3951,0.2826,0.1125,0.3438,-0.0701
P.J. Washington,DAL,PF,7,9,16,1,-1.0688,-1.8103,0.7415,0,0,0,0,0,0,2,3,8,16,24,45,67,63,47,26,25,14,6,3,0,0,0,0,0,0,0,0,0,0,0,184,98,67,17,118,49,462,200,262,0.7507,7,-6,34,12,0,0,0,0,0,0,0,1,2,13,10,26,83,45,39,36,28,20,21,15,4,3,3,0,0,0,0,0,0,0,0,214,52,83,763,665,1.9054,265,51,-1.1547,-1.8166,0.6619,-0.2348,-0.3683,0.1335,0.4479,-0.6863
Stephen Curry,GSW,PG,18,10,28,-1,5.0016,5.6168,-0.6153,0,0,0,0,0,0,0,0,0,0,0,0,2,5,11,15,11,20,25,32,31,45,42,44,36,13,12,4,1,0,0,347,0,2,147,0,200,2992,0,2992,8.5731,16,0,145,1,0,0,0,0,3,6,14,24,35,47,47,42,42,24,22,19,7,6,7,2,0,1,1,0,0,0,0,0,0,0,0,89,218,42,258,-429,-1.2292,0,0,9.8023,10.2178,-0.4155,1.9934,2.2034,-0.21,-0.5437,1.8328
Paul George,BOS,PF,10,12,22,1,1.2648,0.1701,1.0947,0,0,0,0,0,0,0,0,0,2,3,8,37,30,40,45,63,47,26,25,14,6,3,0,0,0,0,0,0,0,0,299,13,37,30,102,167,1259,20,1239,3.5501,10,-3,107,22,0,0,0,0,1,2,13,10,26,33,51,45,74,28,20,21,15,4,3,3,0,0,0,0,0,0,0,0,0,0,0,94,181,74,250,-250,-0.7163,130,36,4.2665,4.2006,0.0659,0.8676,0.6203,0.2473,0.4462,0.1493
Devin Vassell,SAS,SG,14,9,23,1,1.8811,1.0201,0.861,0,0,0,0,0,0,0,0,0,2,0,9,29,19,30,32,31,45,42,44,36,13,12,4,1,0,0,0,0,0,0,309,11,29,142,4,163,1665,15,1650,4.7278,12,-3,117,11,0,0,0,0,0,3,6,14,24,34,44,46,83,28,22,21,7,6,7,2,0,1,1,0,0,0,0,0,0,0,0,95,171,83,268,-191,-0.5473,142,47,5.2751,5.2034,0.0716,1.0727,0.8814,0.1913,0.4367,0.2757
Cameron Johnson,DEN,SF,10,10,20,0,0.7489,0.906,-0.1572,0,0,0,0,0,0,0,1,0,2,9,12,58,45,51,65,47,28,18,9,4,0,0,0,0,0,0,0,0,0,0,267,24,58,67,70,130,873,41,832,2.384,8,-5,86,27,0,0,0,0,0,1,8,8,17,24,43,40,43,37,37,33,21,18,11,4,2,1,1,0,0,0,0,0,0,0,0,165,141,43,513,152,0.4355,0,0,1.9484,2.1948,-0.2464,0.3962,0.4017,-0.0055,-0.3666,0.7192
Dillon Brooks,PHX,SF,10,11,21,0,0.8111,0.5433,0.2677,0,0,0,0,0,0,0,0,1,1,7,10,43,43,40,62,61,30,25,16,7,3,0,0,0,0,0,0,0,0,0,287,19,43,45,90,152,1048,31,1017,2.914,9,-4,97,26,0,0,0,0,0,2,10,10,22,30,43,48,38,37,36,22,19,20,6,2,3,1,0,0,0,0,0,0,0,0,0,146,165,38,434,-2,-0.0057,0,0,2.9198,3.1977,-0.2779,0.5938,0.4281,0.1657,0.0175,0.5476
Donte DiVincenzo,MIN,SG,14,9,23,1,1.7576,1.0162,0.7414,0,0,0,0,0,0,0,0,0,2,0,9,29,19,30,32,31,45,42,44,36,13,12,4,1,0,0,0,0,0,0,309,11,29,142,4,163,1665,15,1650,4.7278,12,-3,117,11,0,0,0,0,0,3,6,14,24,34,44,46,83,28,22,21,7,6,7,2,0,1,1,0,0,0,0,0,0,0,0,95,171,83,268,-191,-0.5473,142,47,5.2751,5.2034,0.0716,1.0727,0.8291,0.2436,0.4387,0.3778
Brandon Miller,CHA,SF,13,12,25,1,3.4838,2.4722,1.0115,0,0,0,0,0,0,0,0,0,0,1,1,15,15,36,27,59,54,53,49,19,12,7,1,0,0,0,0,0,0,0,332,2,15,63,47,222,1676,3,1673,4.7937,11,-2,134,13,0,0,0,6,8,10,19,34,41,41,41,39,66,19,10,9,4,0,1,1,0,0,0,0,0,0,0,0,0,0,0,44,239,66,95,-785,-2.2493,76,32,7.043,7.2092,-0.1662,1.4322,1.5604,-0.1281,-0.2959,0.8855
Jaren Jackson Jr.,UTA,C,8,13,21,2,1.205,-0.3116,1.5166,0,0,0,0,0,0,0,0,1,2,7,10,25,32,30,42,33,50,44,27,23,14,6,3,0,0,0,0,0,0,0,304,20,25,4,194,106,1456,34,1422,4.0745,11,-4,93,8,0,0,0,0,0,0,1,4,12,13,38,46,127,30,25,16,15,14,4,2,2,0,0,0,0,0,0,0,0,0,0,108,114,127,312,77,0.2206,322,74,3.8539,3.1977,0.6562,0.7837,0.595,0.1887,0.8903,-0.6176
RJ Barrett,TOR,SF,11,11,22,-1,1.5106,2.0569,-0.5462,0,0,0,0,0,0,0,0,1,0,2,9,38,32,45,51,65,47,28,18,9,4,0,0,0,0,0,0,0,0,0,299,12,38,57,71,171,1172,17,1155,3.3095,9,-4,113,27,0,0,0,0,1,8,8,17,24,43,40,44,36,37,33,21,18,11,4,2,1,1,0,0,0,0,0,0,0,0,0,128,185,36,348,-198,-0.5673,0,0,3.8768,4.2006,-0.3238,0.7884,0.7244,0.0639,-0.6258,1.4867
Andrew Wiggins,MIA,SF,9,10,19,0,0.3145,0.2288,0.0856,0,0,0,0,0,0,0,1,1,7,10,18,68,40,62,61,30,25,16,7,3,0,0,0,0,0,0,0,0,0,0,244,37,68,44,92,108,761,68,693,1.9857,8,-5,71,29,0,0,0,0,0,0,2,10,10,22,30,43,47,39,37,36,22,19,20,6,2,3,1,0,0,0,0,0,0,0,0,185,117,47,619,348,0.9971,0,0,0.9885,1.192,-0.2034,0.201,0.2177,-0.0167,-0.1603,0.2681
Josh Hart,NYK,SF,11,10,21,1,0.9697,0.0943,0.8754,0,0,0,0,0,0,0,0,1,1,3,9,54,27,59,54,53,49,19,12,7,1,0,0,0,0,0,0,0,0,0,281,14,54,81,53,147,1027,22,1005,2.8797,9,-4,102,28,0,0,0,0,0,6,8,10,19,34,41,41,79,35,32,19,10,9,4,0,1,1,0,0,0,0,0,0,0,0,0,111,159,79,282,-159,-0.4556,150,39,3.3352,3.1977,0.1375,0.6782,0.4953,0.183,0.2389,0.2236
Ivica Zubac,IND,C,7,12,19,0,0.0226,0.1761,-0.1535,0,0,0,0,0,0,0,1,2,7,10,18,39,30,42,33,50,44,27,23,14,6,3,0,0,0,0,0,0,0,0,272,38,39,3,206,63,1152,72,1080,3.0946,10,-5,85,17,0,0,0,0,0,0,0,1,4,12,13,38,45,54,42,32,30,25,16,15,14,4,2,2,0,0,0,0,0,0,0,236,68,45,870,749,2.1461,0,0,0.9484,1.192,-0.2436,0.1929,0.0941,0.0988,0.2754,-0.0261
Franz Wagner,ORL,SF,12,13,25,1,3.0238,1.9807,1.0431,0,0,0,0,0,0,0,0,0,0,1,1,17,22,21,43,40,62,61,30,25,16,7,3,0,0,0,0,0,0,0,330,2,17,30,70,230,1686,3,1683,4.8223,11,-2,131,11,0,0,0,2,10,10,22,30,43,48,39,37,57,19,20,6,2,3,1,0,0,0,0,0,0,0,0,0,0,0,0,51,241,57,106,-775,-2.2206,73,22,7.043,7.2092,-0.1662,1.4322,1.3655,0.0667,-0.0292,0.8461
Bennedict Mathurin,LAC,SF,8,7,15,-1,-1.597,-0.8392,-0.7578,0,0,0,0,0,1,1,3,9,27,34,51,82,53,49,19,12,7,1,0,0,0,0,0,0,0,0,0,0,0,0,141,126,82,68,31,42,297,264,33,0.0946,6,-7,24,17,0,0,0,0,0,0,0,0,6,8,10,19,33,41,41,41,39,35,32,19,10,9,4,0,1,1,0,0,0,0,0,273,43,33,1128,1041,2.9828,0,0,-2.8883,-2.8195,-0.0688,-0.5873,-0.5921,0.0048,-0.2998,0.1272
Stephon Castle,SAS,PG,14,10,24,1,2.3441,0.9986,1.3455,0,0,0,0,0,0,0,0,0,1,1,2,30,17,26,43,29,48,42,44,36,13,12,4,1,0,0,0,0,0,0,315,4,30,115,10,190,1695,7,1688,4.8367,12,-3,125,17,0,0,0,0,3,6,14,20,37,37,46,38,77,25,20,9,6,7,2,0,1,1,0,0,0,0,0,0,0,0,0,71,201,77,180,-459,-1.3152,106,35,6.1519,6.2063,-0.0544,1.251,1.0775,0.1735,0.488,0.1949
Darius Garland,LAC,PG,14,8,22,-1,1.4514,2.138,-0.6867,0,0,0,0,0,0,0,0,1,1,4,11,27,20,25,32,31,45,42,44,36,13,12,4,1,0,0,0,0,0,0,305,17,27,188,0,117,1656,26,1630,4.6705,12,-4,116,10,0,0,0,0,0,0,3,6,14,24,35,47,42,44,43,25,23,19,7,6,7,2,0,1,1,0,0,0,0,0,0,178,129,42,573,280,0.8023,0,0,3.8682,4.2006,-0.3324,0.7866,0.6993,0.0873,-0.1671,1.0124
CJ McCollum,ATL,PG,13,8,21,0,1.192,1.2816,-0.0895,0,0,0,0,0,0,0,0,2,0,9,19,29,30,32,31,45,42,44,36,13,12,4,1,0,0,0,0,0,0,0,290,30,29,173,5,112,1356,45,1311,3.7564,11,-4,106,13,0,0,0,0,0,0,3,6,14,24,34,44,45,37,47,28,22,21,7,6,7,2,0,1,1,0,0,0,0,0,0,179,125,45,589,301,0.8625,0,0,2.894,3.1977,-0.3037,0.5885,0.5895,-0.001,-0.0571,0.4762
Anthony Black,ORL,PG,11,7,18,1,-0.4156,-1.0189,0.6033,0,0,0,0,0,0,1,1,2,14,20,25,57,29,48,42,44,36,13,12,4,1,0,0,0,0,0,0,0,0,0,229,63,57,156,1,72,810,126,684,1.9599,9,-6,79,23,0,0,0,0,0,0,0,3,6,14,20,37,82,38,43,35,25,20,9,6,7,2,0,1,1,0,0,0,0,0,0,187,80,82,622,464,1.3295,233,46,0.6304,0.1891,0.4413,0.1282,-0.0916,0.2198,0.4805,-0.3184
Zion Williamson,NOP,PF,9,13,22,0,1.348,1.5454,-0.1974,0,0,0,0,0,0,0,0,1,1,4,8,29,27,30,48,34,50,44,27,23,14,6,3,0,0,0,0,0,0,0,306,14,29,6,154,146,1473,23,1450,4.1547,11,-4,103,15,0,0,0,0,0,1,4,12,12,35,42,52,48,32,27,30,17,14,14,5,2,2,0,0,0,0,0,0,0,0,0,143,158,48,467,87,0.2493,0,0,3.9054,4.2006,-0.2951,0.7942,0.6556,0.1386,-0.0481,0.8344
Jerami Grant,MEM,PF,8,10,18,-1,-0.1715,0.9038,-1.0753,0,0,0,0,0,0,0,2,3,8,16,24,67,45,63,47,26,25,14,6,3,0,0,0,0,0,0,0,0,0,0,229,53,67,29,119,81,691,102,589,1.6877,8,-5,57,23,0,0,0,0,0,0,1,2,13,10,26,33,50,45,39,36,28,20,21,15,4,3,3,0,0,0,0,0,0,0,0,214,85,50,763,580,1.6619,0,0,0.0258,0.1891,-0.1633,0.0052,0.0118,-0.0065,-0.6218,0.9715
Domantas Sabonis,SAC,C,9,15,24,0,2.1841,1.8886,0.2955,0,0,0,0,0,0,0,0,0,0,2,4,22,6,14,32,27,42,33,50,44,27,23,14,6,3,0,0,0,0,0,321,6,22,0,169,152,2086,8,2078,5.9542,13,-2,116,13,0,0,0,0,0,1,4,12,13,41,47,53,40,36,25,24,17,15,13,4,2,2,0,0,0,0,0,0,0,0,0,138,171,40,441,28,0.0802,0,0,5.8739,6.2063,-0.3324,1.1945,1.0098,0.1847,0.4355,0.4866
Aaron Nesmith,IND,SF,9,8,17,0,-0.7388,-0.2756,-0.4632,0,0,0,0,0,0,1,1,3,9,27,34,79,54,53,49,19,12,7,1,0,0,0,0,0,0,0,0,0,0,0,195,75,79,78,43,74,492,138,354,1.0143,7,-6,53,29,0,0,0,0,0,0,0,6,8,10,19,34,40,41,41,39,35,32,19,10,9,4,0,1,1,0,0,0,0,0,0,232,77,40,855,691,1.9799,0,0,-0.9656,-0.8138,-0.1519,-0.1964,-0.2285,0.0322,-0.2549,0.3106
Norman Powell,CHI,SG,13,9,22,0,1.5419,1.8874,-0.3455,0,0,0,0,0,0,0,0,1,1,2,14,33,26,43,29,48,42,44,36,13,12,4,1,0,0,0,0,0,0,0,298,18,33,131,13,154,1380,25,1355,3.8825,11,-4,108,14,0,0,0,0,0,3,6,14,20,37,37,46,37,43,35,25,20,9,6,7,2,0,1,1,0,0,0,0,0,0,0,149,163,37,435,-3,-0.0086,0,0,3.8911,4.2006,-0.3095,0.7913,0.7377,0.0536,-0.3265,1.0728
Peyton Watson,CLE,SF,9,10,19,0,-0.013,0.2367,-0.2497,0,0,0,0,0,0,0,1,1,7,10,18,68,40,62,61,30,25,16,7,3,0,0,0,0,0,0,0,0,0,0,244,37,68,44,92,108,761,68,693,1.9857,8,-5,71,29,0,0,0,0,0,0,2,10,10,22,30,43,47,39,37,36,22,19,20,6,2,3,1,0,0,0,0,0,0,0,0,185,117,47,619,348,0.9971,0,0,0.9885,1.192,-0.2034,0.201,0.079,0.1221,-0.1644,0.5546
Naji Marshall,DAL,SF,9,9,18,0,-0.2427,-0.3005,0.0577,0,0,0,0,0,0,1,0,2,9,12,32,71,51,65,47,28,18,9,4,0,0,0,0,0,0,0,0,0,0,0,222,56,71,55,70,97,606,97,509,1.4585,7,-6,59,25,0,0,0,0,0,0,1,8,8,17,24,43,39,44,37,37,33,21,18,11,4,2,1,1,0,0,0,0,0,0,0,209,101,39,722,502,1.4384,0,0,0.0201,0.1891,-0.1691,0.0041,-0.0184,0.0225,-0.0785,0.1005
Shaedon Sharpe,POR,SG,9,7,16,-1,-1.2823,-0.4731,-0.8092,0,0,0,0,0,0,2,1,3,24,30,36,86,44,53,40,13,12,4,1,0,0,0,0,0,0,0,0,0,0,0,167,96,86,94,15,58,413,197,216,0.6189,7,-6,43,27,0,0,0,0,0,0,0,3,6,10,14,27,31,44,37,43,37,35,30,11,8,9,2,0,1,1,0,0,0,0,0,258,60,31,1017,893,2.5587,0,0,-1.9398,-1.8166,-0.1232,-0.3945,-0.4588,0.0643,-0.2975,0.3551
Jrue Holiday,POR,PG,14,9,23,1,1.8836,1.2902,0.5934,0,0,0,0,0,0,0,0,0,2,0,9,29,19,30,32,31,45,42,44,36,13,12,4,1,0,0,0,0,0,0,309,11,29,142,4,163,1665,15,1650,4.7278,12,-3,117,11,0,0,0,0,0,3,6,14,24,34,44,46,83,28,22,21,7,6,7,2,0,1,1,0,0,0,0,0,0,0,0,95,171,83,268,-191,-0.5473,142,47,5.2751,5.2034,0.0716,1.0727,0.8825,0.1902,0.2959,0.5043
Quentin Grimes,LAL,SG,9,7,16,0,-1.2119,-1.0165,-0.1953,0,0,0,0,0,0,2,1,3,24,30,36,86,44,53,40,13,12,4,1,0,0,0,0,0,0,0,0,0,0,0,167,96,86,94,15,58,413,197,216,0.6189,7,-6,43,27,0,0,0,0,0,0,0,3,6,10,14,27,31,44,37,43,37,35,30,11,8,9,2,0,1,1,0,0,0,0,0,258,60,31,1017,893,2.5587,0,0,-1.9398,-1.8166,-0.1232,-0.3945,-0.4289,0.0345,-0.0143,-0.1693
Wendell Carter Jr.,ORL,C,8,13,21,1,1.0339,-0.1252,1.1591,0,0,0,0,0,0,0,0,1,2,7,10,25,32,30,42,33,50,44,27,23,14,6,3,0,0,0,0,0,0,0,304,20,25,4,194,106,1456,34,1422,4.0745,11,-4,93,8,0,0,0,0,0,0,1,4,12,13,38,46,95,32,30,25,16,15,14,4,2,2,0,0,0,0,0,0,0,0,0,140,114,95,452,217,0.6218,182,42,3.4527,3.1977,0.255,0.7021,0.5225,0.1796,0.7931,-0.4862
Victor Wembanyama,SAS,C,11,19,30,5,8.9277,4.0309,4.8968,0,0,0,0,0,0,0,0,0,0,0,0,4,3,5,6,10,7,14,31,27,42,33,50,44,27,23,14,6,3,0,345,0,4,0,117,228,3439,0,3439,9.8539,17,0,142,4,0,0,0,1,4,12,13,42,47,53,45,32,96,2,2,0,0,0,0,0,0,0,0,0,0,0,0,0,0,0,0,4,249,96,6,-876,-2.51,191,72,12.3639,12.2235,0.1404,2.5143,3.8667,-1.3524,0.7544,-2.3208
Matas Buzelis,CHI,PF,8,10,18,0,-0.2126,-0.1396,-0.073,0,0,0,0,0,0,0,2,3,8,16,24,67,45,63,47,26,25,14,6,3,0,0,0,0,0,0,0,0,0,0,229,53,67,29,119,81,691,102,589,1.6877,8,-5,57,23,0,0,0,0,0,0,1,2,13,10,26,33,50,45,39,36,28,20,21,15,4,3,3,0,0,0,0,0,0,0,0,214,85,50,763,580,1.6619,0,0,0.0258,0.1891,-0.1633,0.0052,-0.0056,0.0109,-0.078,0.1153
Max Christie,DAL,SG,10,6,16,0,-1.1729,-0.7468,-0.426,0,0,0,0,0,1,1,2,14,20,25,35,51,48,42,44,36,13,12,4,1,0,0,0,0,0,0,0,0,0,0,200,98,51,154,3,43,581,224,357,1.0229,8,-7,56,21,0,0,0,0,0,0,0,0,3,6,14,20,36,37,46,38,43,35,25,20,9,6,7,2,0,1,1,0,0,0,0,270,43,36,1125,1047,3,0,0,-1.9771,-1.8166,-0.1605,-0.4021,-0.4124,0.0104,-0.0062,-0.1637
A.J. Green,MIL,SG,10,6,16,-2,-1.3216,0.2278,-1.5494,0,0,0,0,0,1,1,2,14,20,25,35,51,48,42,44,36,13,12,4,1,0,0,0,0,0,0,0,0,0,0,200,98,51,154,3,43,581,224,357,1.0229,8,-7,56,21,0,0,0,0,0,0,0,0,3,6,14,20,36,37,46,38,43,35,25,20,9,6,7,2,0,1,1,0,0,0,0,270,43,36,1125,1047,3,0,0,-1.9771,-1.8166,-0.1605,-0.4021,-0.4755,0.0734,-0.5141,0.7961
Russell Westbrook,SAC,SF,9,8,17,-1,-0.6681,-0.0437,-0.6244,0,0,0,0,0,0,1,1,3,9,27,34,79,54,53,49,19,12,7,1,0,0,0,0,0,0,0,0,0,0,0,195,75,79,78,43,74,492,138,354,1.0143,7,-6,53,29,0,0,0,0,0,0,0,6,8,10,19,34,40,41,41,39,35,32,19,10,9,4,0,1,1,0,0,0,0,0,0,232,77,40,855,691,1.9799,0,0,-0.9656,-0.8138,-0.1519,-0.1964,-0.1986,0.0022,-0.3758,0.4484
Kyshawn George,WAS,SF,8,9,17,0,-0.6401,-0.3502,-0.2899,0,0,0,0,0,0,1,1,7,10,18,40,68,62,61,30,25,16,7,3,0,0,0,0,0,0,0,0,0,0,0,204,77,68,37,94,73,517,145,372,1.0659,7,-6,42,17,0,0,0,0,0,0,0,2,10,10,22,30,42,48,39,37,36,22,19,20,6,2,3,1,0,0,0,0,0,0,0,233,74,42,852,698,2,0,0,-0.9341,-0.8138,-0.1203,-0.19,-0.1867,-0.0032,-0.1971,0.1539
Giannis Antetokounmpo,MIA,PF,13,17,30,1,6.411,5.1401,1.2709,0,0,0,0,0,0,0,0,0,0,0,0,3,7,8,8,17,27,30,48,34,50,44,27,23,14,6,3,0,0,0,346,0,3,9,61,276,2812,0,2812,8.0573,15,0,141,3,0,1,4,12,12,35,42,52,49,32,27,30,30,14,5,2,2,0,0,0,0,0,0,0,0,0,0,0,0,0,0,23,296,30,38,-1350,-3.8682,37,14,11.9255,12.2235,-0.298,2.4251,2.8005,-0.3754,-0.4851,1.3662
Chet Holmgren,OKC,PF,12,16,28,3,5.2262,2.219,3.0072,0,0,0,0,0,0,0,0,0,0,0,1,9,8,8,17,27,30,48,34,50,44,27,23,14,6,3,0,0,0,0,339,1,9,8,79,252,2466,1,2465,7.063,14,-1,138,9,0,0,1,4,12,12,35,42,52,49,32,27,74,5,2,2,0,0,0,0,0,0,0,0,0,0,0,0,0,0,0,9,266,74,15,-1077,-3.086,114,45,10.149,10.2178,-0.0688,2.0639,2.2986,-0.2347,0.6714,-0.4566
Grayson Allen,CHA,SG,13,9,22,0,1.5532,1.8069,-0.2537,0,0,0,0,0,0,0,0,1,1,2,14,33,26,43,29,48,42,44,36,13,12,4,1,0,0,0,0,0,0,0,298,18,33,131,13,154,1380,25,1355,3.8825,11,-4,108,14,0,0,0,0,0,3,6,14,20,37,37,46,37,43,35,25,20,9,6,7,2,0,1,1,0,0,0,0,0,0,0,149,163,37,435,-3,-0.0086,0,0,3.8911,4.2006,-0.3095,0.7913,0.7425,0.0488,-0.2845,0.9943
Davion Mitchell,MIA,PG,13,7,20,0,0.6467,0.4507,0.196,0,0,0,0,0,0,0,1,1,4,11,18,29,25,32,31,45,42,44,36,13,12,4,1,0,0,0,0,0,0,0,285,35,29,212,0,73,1351,61,1290,3.6963,11,-5,106,14,0,0,0,0,0,0,0,3,6,14,24,35,46,43,44,43,25,23,19,7,6,7,2,0,1,1,0,0,0,0,0,221,82,46,794,630,1.8052,0,0,1.8911,2.1948,-0.3037,0.3846,0.3584,0.0261,0.3538,-0.1768
Ja Morant,POR,PG,15,8,23,1,1.9877,1.4839,0.5038,0,0,0,0,0,0,0,0,0,1,3,4,25,11,20,25,32,31,45,42,44,36,13,12,4,1,0,0,0,0,0,316,8,25,199,0,117,1972,13,1959,5.6132,13,-3,129,13,0,0,0,0,0,0,3,6,14,24,35,47,88,42,25,22,19,7,6,7,2,0,1,1,0,0,0,0,0,0,0,132,129,88,391,98,0.2808,174,42,5.3324,5.2034,0.1289,1.0844,0.9266,0.1578,0.5209,0.2216
Brandin Podziemski,GSW,SG,11,8,19,1,0.0452,-0.5653,0.6105,0,0,0,0,0,0,0,1,2,1,18,27,55,39,48,46,46,36,13,12,4,1,0,0,0,0,0,0,0,0,0,245,49,55,128,17,100,840,79,761,2.1805,9,-5,84,25,0,0,0,0,0,0,3,6,12,19,30,39,79,41,37,33,22,9,8,7,2,0,1,1,0,0,0,0,0,0,0,161,109,79,481,229,0.6562,200,39,1.5244,1.192,0.3324,0.31,0.1036,0.2064,0.3253,-0.0324
Collin Gillespie,PHX,PG,15,8,23,0,2.1645,1.7793,0.3852,0,0,0,0,0,0,0,0,0,1,3,4,25,11,20,25,32,31,45,42,44,36,13,12,4,1,0,0,0,0,0,316,8,25,199,0,117,1972,13,1959,5.6132,13,-3,129,13,0,0,0,0,0,0,3,6,14,24,35,47,46,42,42,25,22,19,7,6,7,2,0,1,1,0,0,0,0,0,0,174,129,46,565,272,0.7794,0,0,4.8338,5.2034,-0.3696,0.983,1.0015,-0.0185,0.3669,0.1066
Marcus Smart,HOU,SG,12,9,21,2,1.0032,-0.8981,1.9014,0,0,0,0,0,0,0,0,1,2,1,18,41,41,39,48,46,46,36,13,12,4,1,0,0,0,0,0,0,0,0,286,22,41,119,26,141,1126,30,1096,3.1404,10,-4,99,15,0,0,0,0,0,3,6,12,19,30,39,41,116,33,22,9,8,7,2,0,1,1,0,0,0,0,0,0,0,0,0,83,150,116,200,-202,-0.5788,281,78,3.7192,3.1977,0.5215,0.7563,0.5095,0.2468,0.8522,-0.5995
Jalen Williams,OKC,SG,15,10,25,1,2.8239,1.385,1.4389,0,0,0,0,0,0,0,0,0,0,2,0,23,15,19,30,32,31,45,42,44,36,13,12,4,1,0,0,0,0,0,324,2,23,124,8,192,1989,4,1985,5.6877,13,-2,132,15,0,0,0,0,3,6,14,24,34,44,46,37,74,22,21,7,6,7,2,0,1,1,0,0,0,0,0,0,0,0,0,67,208,74,173,-494,-1.4155,95,28,7.1032,7.2092,-0.106,1.4445,1.2808,0.1637,0.5999,0.1586
Nikola Vučević,ORL,C,7,12,19,0,0.1386,0.6069,-0.4683,0,0,0,0,0,0,0,1,2,7,10,18,39,30,42,33,50,44,27,23,14,6,3,0,0,0,0,0,0,0,0,272,38,39,3,206,63,1152,72,1080,3.0946,10,-5,85,17,0,0,0,0,0,0,0,1,4,12,13,38,45,54,42,32,30,25,16,15,14,4,2,2,0,0,0,0,0,0,0,236,68,45,870,749,2.1461,0,0,0.9484,1.192,-0.2436,0.1929,0.1432,0.0497,0.0508,0.2429
Royce O'Neale,CHA,SF,7,8,15,-1,-1.4974,-0.8527,-0.6448,0,0,0,0,0,1,1,7,10,18,40,52,78,61,30,25,16,7,3,0,0,0,0,0,0,0,0,0,0,0,0,142,129,78,25,76,41,313,274,39,0.1117,6,-7,25,15,0,0,0,0,0,0,0,0,2,10,10,22,29,43,48,39,37,36,22,19,20,6,2,3,1,0,0,0,0,0,0,276,44,29,1128,1048,3.0029,0,0,-2.8911,-2.8195,-0.0716,-0.5879,-0.5499,-0.038,-0.2864,0.0219
Herbert Jones,NOP,SF,8,9,17,1,-0.8265,-1.7621,0.9356,0,0,0,0,0,0,1,1,7,10,18,40,68,62,61,30,25,16,7,3,0,0,0,0,0,0,0,0,0,0,0,204,77,68,37,94,73,517,145,372,1.0659,7,-6,42,17,0,0,0,0,0,0,0,2,10,10,22,30,90,39,37,36,22,19,20,6,2,3,1,0,0,0,0,0,0,0,0,185,74,90,619,465,1.3324,233,48,-0.2665,-0.8138,0.5473,-0.0542,-0.2657,0.2115,0.5388,-0.6035
Jaime Jaquez Jr.,MIL,SF,7,8,15,-1,-1.3599,-0.7267,-0.6332,0,0,0,0,0,1,1,7,10,18,40,52,78,61,30,25,16,7,3,0,0,0,0,0,0,0,0,0,0,0,0,142,129,78,25,76,41,313,274,39,0.1117,6,-7,25,15,0,0,0,0,0,0,0,0,2,10,10,22,29,43,48,39,37,36,22,19,20,6,2,3,1,0,0,0,0,0,0,276,44,29,1128,1048,3.0029,0,0,-2.8911,-2.8195,-0.0716,-0.5879,-0.4917,-0.0963,-0.352,0.012
Rui Hachimura,LAC,PF,7,8,15,-1,-1.3897,-0.4363,-0.9534,0,0,0,0,0,1,1,7,10,18,40,52,78,61,30,25,16,7,3,0,0,0,0,0,0,0,0,0,0,0,0,142,129,78,25,76,41,313,274,39,0.1117,6,-7,25,15,0,0,0,0,0,0,0,0,2,10,10,22,29,43,48,39,37,36,22,19,20,6,2,3,1,0,0,0,0,0,0,276,44,29,1128,1048,3.0029,0,0,-2.8911,-2.8195,-0.0716,-0.5879,-0.5043,-0.0837,-0.5034,0.2856
Jalen Duren,DET,C,9,16,25,1,3.2156,2.6774,0.5382,0,0,0,0,0,0,0,0,0,0,1,3,14,10,6,15,31,27,42,33,50,44,27,23,14,6,3,0,0,0,0,331,4,14,0,179,152,2416,5,2411,6.9083,14,-2,124,9,0,0,0,0,0,1,4,12,13,41,48,52,77,24,25,17,14,13,4,2,2,0,0,0,0,0,0,0,0,0,0,101,171,77,300,-114,-0.3266,133,32,7.235,7.2092,0.0258,1.4713,1.4468,0.0245,0.3756,0.4557
LaMelo Ball,MIN,PG,17,10,27,0,4.511,4.838,-0.327,0,0,0,0,0,0,0,0,0,0,0,1,6,11,15,11,20,25,32,31,45,42,44,36,13,12,4,1,0,0,0,342,1,6,142,0,200,2645,1,2644,7.5759,15,-1,144,4,0,0,0,0,3,6,14,24,35,47,47,42,41,25,22,19,7,6,7,2,0,1,1,0,0,0,0,0,0,0,0,90,218,41,259,-428,-1.2264,0,0,8.8023,9.2149,-0.4126,1.79,1.9956,-0.2056,-0.5048,1.5853
Aaron Gordon,DEN,PF,10,12,22,0,1.4583,1.9473,-0.4891,0,0,0,0,0,0,0,0,0,2,3,8,37,30,40,45,63,47,26,25,14,6,3,0,0,0,0,0,0,0,0,299,13,37,30,102,167,1259,20,1239,3.5501,10,-3,107,22,0,0,0,0,1,2,13,10,26,33,51,45,38,36,28,20,21,15,4,3,3,0,0,0,0,0,0,0,0,0,0,130,181,38,380,-120,-0.3438,0,0,3.894,4.2006,-0.3066,0.7919,0.7023,0.0896,-0.4801,1.3409
Santi Aldama,DAL,PF,8,10,18,0,-0.0532,0.0925,-0.1457,0,0,0,0,0,0,0,2,3,8,16,24,67,45,63,47,26,25,14,6,3,0,0,0,0,0,0,0,0,0,0,229,53,67,29,119,81,691,102,589,1.6877,8,-5,57,23,0,0,0,0,0,0,1,2,13,10,26,33,50,45,39,36,28,20,21,15,4,3,3,0,0,0,0,0,0,0,0,214,85,50,763,580,1.6619,0,0,0.0258,0.1891,-0.1633,0.0052,0.0619,-0.0567,-0.1989,0.1774
Dejounte Murray,NOP,PG,12,7,19,1,0.0344,-0.4897,0.5241,0,0,0,0,0,0,0,2,0,9,19,17,42,32,31,45,42,44,36,13,12,4,1,0,0,0,0,0,0,0,0,260,47,42,187,0,73,1066,92,974,2.7908,10,-5,93,16,0,0,0,0,0,0,0,3,6,14,24,34,89,37,47,28,22,21,7,6,7,2,0,1,1,0,0,0,0,0,0,179,81,89,589,426,1.2206,225,46,1.5702,1.192,0.3782,0.3193,0.099,0.2203,0.5106,-0.2035
Nic Claxton,CHI,C,7,10,17,0,-0.7968,-0.5016,-0.2953,0,0,0,0,0,0,1,3,4,12,19,28,69,44,51,45,27,23,14,6,3,0,0,0,0,0,0,0,0,0,0,213,67,69,13,147,53,654,139,515,1.4756,8,-6,52,21,0,0,0,0,0,0,0,1,4,11,12,28,40,49,48,40,28,27,22,16,13,5,3,2,0,0,0,0,0,0,0,253,56,40,957,851,2.4384,0,0,-0.9628,-0.8138,-0.149,-0.1958,-0.2531,0.0573,0.0327,-0.0317
Tobias Harris,SAS,PF,9,11,20,0,0.6634,0.5561,0.1072,0,0,0,0,0,0,0,0,2,3,8,16,51,40,45,63,47,26,25,14,6,3,0,0,0,0,0,0,0,0,0,269,29,51,27,117,125,960,49,911,2.6103,9,-4,85,28,0,0,0,0,0,1,2,13,10,26,33,51,44,39,36,28,20,21,15,4,3,3,0,0,0,0,0,0,0,0,0,169,136,44,549,230,0.659,0,0,1.9513,2.1948,-0.2436,0.3968,0.3655,0.0313,-0.1009,0.3963
Bub Carrington,WAS,PG,5,3,8,-3,-4.644,-1.8601,-2.7839,0,0,2,1,3,24,30,36,60,61,57,46,12,12,4,1,0,0,0,0,0,0,0,0,0,0,0,0,0,0,0,17,320,12,14,0,3,23,1164,-1141,-3.2693,3,-10,0,0,0,0,0,0,0,0,0,0,0,0,0,3,5,10,14,27,32,44,37,43,37,35,30,11,8,9,2,0,1,1,0,341,3,5,2296,2293,6.5702,0,0,-9.8395,-9.8395,0,-2.0009,-1.883,-0.118,-1.0059,0.3019
Ace Bailey,UTA,SF,6,6,12,-1,-2.6845,-1.2868,-1.3977,0,0,0,1,0,2,9,12,32,47,57,70,60,28,18,9,4,0,0,0,0,0,0,0,0,0,0,0,0,0,0,59,230,60,13,29,17,107,590,-483,-1.384,4,-9,1,1,0,0,0,0,0,0,0,0,0,1,8,8,16,24,43,40,44,37,37,33,21,18,11,4,2,1,1,0,0,0,0,316,17,16,1579,1552,4.447,0,0,-5.8309,-5.8281,-0.0029,-1.1858,-1.0528,-0.1329,-0.6107,0.0387
Jalen Suggs,ORL,PG,14,9,23,2,1.7245,-0.0255,1.7499,0,0,0,0,0,0,0,0,0,2,0,9,29,19,30,32,31,45,42,44,36,13,12,4,1,0,0,0,0,0,0,309,11,29,142,4,163,1665,15,1650,4.7278,12,-3,117,11,0,0,0,0,0,3,6,14,24,34,44,46,111,22,21,7,6,7,2,0,1,1,0,0,0,0,0,0,0,0,0,67,171,111,173,-286,-0.8195,237,75,5.5473,5.2034,0.3438,1.1281,0.815,0.313,0.9816,-0.3657
Julian Champagnie,SAS,SF,11,11,22,0,1.4469,1.3295,0.1174,0,0,0,0,0,0,0,0,1,0,2,9,38,32,45,51,65,47,28,18,9,4,0,0,0,0,0,0,0,0,0,299,12,38,57,71,171,1172,17,1155,3.3095,9,-4,113,27,0,0,0,0,1,8,8,17,24,43,40,44,36,37,33,21,18,11,4,2,1,1,0,0,0,0,0,0,0,0,0,128,185,36,348,-198,-0.5673,0,0,3.8768,4.2006,-0.3238,0.7884,0.6975,0.0909,-0.2467,0.9197
Draymond Green,GSW,PF,7,8,15,0,-1.6279,-2.0464,0.4185,0,0,0,0,0,1,1,7,10,18,40,52,78,61,30,25,16,7,3,0,0,0,0,0,0,0,0,0,0,0,0,142,129,78,25,76,41,313,274,39,0.1117,6,-7,25,15,0,0,0,0,0,0,0,0,2,10,10,22,29,43,48,39,37,36,22,19,20,6,2,3,1,0,0,0,0,0,0,276,44,29,1128,1048,3.0029,0,0,-2.8911,-2.8195,-0.0716,-0.5879,-0.6052,0.0173,0.3358,-0.8865
Duncan Robinson,DET,SG,13,9,22,-1,1.3616,1.9414,-0.5798,0,0,0,0,0,0,0,0,1,1,2,14,33,26,43,29,48,42,44,36,13,12,4,1,0,0,0,0,0,0,0,298,18,33,131,13,154,1380,25,1355,3.8825,11,-4,108,14,0,0,0,0,0,3,6,14,20,37,37,46,37,43,35,25,20,9,6,7,2,0,1,1,0,0,0,0,0,0,0,149,163,37,435,-3,-0.0086,0,0,3.8911,4.2006,-0.3095,0.7913,0.6613,0.13,-0.3546,1.2729
Ayo Dosunmu,MIN,SG,11,7,18,0,0.0106,0.3521,-0.3416,0,0,0,0,0,0,1,1,2,14,20,25,57,29,48,42,44,36,13,12,4,1,0,0,0,0,0,0,0,0,0,229,63,57,156,1,72,810,126,684,1.9599,9,-6,79,23,0,0,0,0,0,0,0,3,6,14,20,37,36,46,38,43,35,25,20,9,6,7,2,0,1,1,0,0,0,0,0,233,80,36,855,697,1.9971,0,0,-0.0372,0.1891,-0.2264,-0.0076,0.0889,-0.0965,-0.234,0.1992
Alex Sarr,WAS,C,7,10,17,0,-0.5627,-0.0921,-0.4706,0,0,0,0,0,0,1,3,4,12,19,28,69,44,51,45,27,23,14,6,3,0,0,0,0,0,0,0,0,0,0,213,67,69,13,147,53,654,139,515,1.4756,8,-6,52,21,0,0,0,0,0,0,0,1,4,11,12,28,40,49,48,40,28,27,22,16,13,5,3,2,0,0,0,0,0,0,0,253,56,40,957,851,2.4384,0,0,-0.9628,-0.8138,-0.149,-0.1958,-0.1539,-0.0419,-0.1807,0.118
Deandre Ayton,WAS,C,6,11,17,0,-0.7376,-0.3655,-0.3721,0,0,0,0,0,0,1,2,7,10,18,23,46,42,33,50,44,27,23,14,6,3,0,0,0,0,0,0,0,0,0,242,61,46,0,212,30,880,133,747,2.1404,9,-6,68,19,0,0,0,0,0,0,0,0,1,4,12,13,37,46,54,42,32,30,25,16,15,14,4,2,2,0,0,0,0,0,0,282,30,37,1152,1099,3.149,0,0,-1.0086,-0.8138,-0.1948,-0.2051,-0.228,0.0229,0.2064,-0.2744
Donovan Clingan,POR,C,8,16,24,1,2.3962,1.7652,0.631,0,0,0,0,0,0,0,0,0,1,1,2,14,10,7,14,31,27,42,33,50,44,27,23,14,6,3,0,0,0,0,331,4,14,0,221,110,2415,7,2408,6.8997,14,-3,123,8,0,0,0,0,0,0,1,4,12,13,42,47,97,32,25,25,16,14,13,4,2,2,0,0,0,0,0,0,0,0,0,133,119,97,431,187,0.5358,178,45,6.3639,6.2063,0.1576,1.2941,1.0996,0.1945,0.8478,0.0023
Kris Dunn,LAC,PG,11,7,18,1,-0.0725,-1.4083,1.3358,0,0,0,0,0,0,1,1,2,14,20,25,57,29,48,42,44,36,13,12,4,1,0,0,0,0,0,0,0,0,0,229,63,57,156,1,72,810,126,684,1.9599,9,-6,79,23,0,0,0,0,0,0,0,3,6,14,20,37,82,38,43,35,25,20,9,6,7,2,0,1,1,0,0,0,0,0,0,187,80,82,622,464,1.3295,233,46,0.6304,0.1891,0.4413,0.1282,0.0538,0.0744,0.6835,-0.9442
Jarrett Allen,CLE,C,9,15,24,1,2.8222,1.6817,1.1405,0,0,0,0,0,0,0,0,0,0,2,4,22,6,14,32,27,42,33,50,44,27,23,14,6,3,0,0,0,0,0,321,6,22,0,169,152,2086,8,2078,5.9542,13,-2,116,13,0,0,0,0,0,1,4,12,13,41,47,53,76,25,24,17,15,13,4,2,2,0,0,0,0,0,0,0,0,0,0,102,171,76,303,-110,-0.3152,138,36,6.2693,6.2063,0.063,1.2749,1.2801,-0.0052,0.5433,-0.0638
John Collins,DET,PF,7,10,17,0,-0.6901,-0.2061,-0.4841,0,0,0,0,0,0,1,3,4,12,19,28,69,44,51,45,27,23,14,6,3,0,0,0,0,0,0,0,0,0,0,213,67,69,13,147,53,654,139,515,1.4756,8,-6,52,21,0,0,0,0,0,0,0,1,4,11,12,28,40,49,48,40,28,27,22,16,13,5,3,2,0,0,0,0,0,0,0,253,56,40,957,851,2.4384,0,0,-0.9628,-0.8138,-0.149,-0.1958,-0.2079,0.0121,-0.1214,0.1296
Tre Jones,CHI,PG,12,7,19,-1,0.3642,0.8666,-0.5024,0,0,0,0,0,0,0,2,0,9,19,17,42,32,31,45,42,44,36,13,12,4,1,0,0,0,0,0,0,0,0,260,47,42,187,0,73,1066,92,974,2.7908,10,-5,93,16,0,0,0,0,0,0,0,3,6,14,24,34,43,46,37,47,28,22,21,7,6,7,2,0,1,1,0,0,0,0,0,225,81,43,814,651,1.8653,0,0,0.9255,1.192,-0.2665,0.1882,0.2388,-0.0505,-0.1963,0.3938
Noah Clowney,BKN,PF,6,8,14,-1,-1.9095,-0.6954,-1.2142,0,0,0,0,0,2,3,8,16,24,45,56,74,47,26,25,14,6,3,0,0,0,0,0,0,0,0,0,0,0,0,121,154,74,4,91,26,278,354,-76,-0.2178,6,-7,22,12,0,0,0,0,0,0,0,0,1,2,13,10,25,33,51,45,39,36,28,20,21,15,4,3,3,0,0,0,0,0,0,298,26,25,1326,1280,3.6676,0,0,-3.8854,-3.8223,-0.063,-0.7901,-0.7245,-0.0656,-0.4897,0.22
Derrick Jones Jr.,LAC,SF,10,11,21,1,0.9026,-0.2704,1.1729,0,0,0,0,0,0,0,0,1,1,7,10,43,43,40,62,61,30,25,16,7,3,0,0,0,0,0,0,0,0,0,287,19,43,45,90,152,1048,31,1017,2.914,9,-4,97,26,0,0,0,0,0,2,10,10,22,30,43,48,75,36,22,19,20,6,2,3,1,0,0,0,0,0,0,0,0,0,0,109,165,75,288,-148,-0.4241,146,37,3.3381,3.1977,0.1404,0.6788,0.4668,0.212,0.4416,-0.0443
Jaylon Tyson,CLE,SG,11,8,19,0,0.2775,0.2254,0.0522,0,0,0,0,0,0,0,1,2,1,18,27,55,39,48,46,46,36,13,12,4,1,0,0,0,0,0,0,0,0,0,245,49,55,128,17,100,840,79,761,2.1805,9,-5,84,25,0,0,0,0,0,0,3,6,12,19,30,39,40,39,41,37,33,22,9,8,7,2,0,1,1,0,0,0,0,0,0,200,109,40,681,429,1.2292,0,0,0.9513,1.192,-0.2407,0.1935,0.202,-0.0086,-0.0868,0.196
Myles Turner,MIL,C,6,11,17,0,-0.7745,-0.8335,0.059,0,0,0,0,0,0,1,2,7,10,18,23,46,42,33,50,44,27,23,14,6,3,0,0,0,0,0,0,0,0,0,242,61,46,0,212,30,880,133,747,2.1404,9,-6,68,19,0,0,0,0,0,0,0,0,1,4,12,13,37,46,54,42,32,30,25,16,15,14,4,2,2,0,0,0,0,0,0,282,30,37,1152,1099,3.149,0,0,-1.0086,-0.8138,-0.1948,-0.2051,-0.2437,0.0386,0.4504,-0.6427
Isaac Okoro,CHI,SG,9,6,15,-1,-1.7307,-0.8178,-0.9129,0,0,0,0,0,1,2,1,18,27,31,41,70,46,46,36,13,12,4,1,0,0,0,0,0,0,0,0,0,0,0,158,121,70,112,6,40,389,280,109,0.3123,7,-7,36,21,0,0,0,0,0,0,0,0,3,6,12,19,29,39,41,39,41,37,33,22,9,8,7,2,0,1,1,0,0,0,0,280,40,29,1202,1129,3.235,0,0,-2.9226,-2.8195,-0.1032,-0.5943,-0.6487,0.0544,-0.2307,0.1503
Luguentz Dort,ATL,SF,8,8,16,0,-1.1996,-1.4295,0.2299,0,0,0,0,0,1,0,2,9,12,32,47,75,65,47,28,18,9,4,0,0,0,0,0,0,0,0,0,0,0,0,171,103,75,54,61,56,384,200,184,0.5272,6,-7,34,19,0,0,0,0,0,0,0,1,8,8,17,24,42,40,44,37,37,33,21,18,11,4,2,1,1,0,0,0,0,0,0,249,58,42,971,852,2.4413,0,0,-1.914,-1.8166,-0.0974,-0.3892,-0.4238,0.0345,0.1672,-0.4816
Tim Hardaway Jr.,MIA,SG,9,7,16,-2,-1.0025,0.6901,-1.6926,0,0,0,0,0,0,2,1,3,24,30,36,86,44,53,40,13,12,4,1,0,0,0,0,0,0,0,0,0,0,0,167,96,86,94,15,58,413,197,216,0.6189,7,-6,43,27,0,0,0,0,0,0,0,3,6,10,14,27,31,44,37,43,37,35,30,11,8,9,2,0,1,1,0,0,0,0,0,258,60,31,1017,893,2.5587,0,0,-1.9398,-1.8166,-0.1232,-0.3945,-0.3403,-0.0542,-0.9038,1.1099
Cason Wallace,OKC,SG,14,9,23,3,1.9738,-1.0067,2.9805,0,0,0,0,0,0,0,0,0,2,0,9,29,19,30,32,31,45,42,44,36,13,12,4,1,0,0,0,0,0,0,309,11,29,142,4,163,1665,15,1650,4.7278,12,-3,117,11,0,0,0,0,0,3,6,14,24,34,44,46,133,21,7,6,7,2,0,1,1,0,0,0,0,0,0,0,0,0,0,45,171,133,106,-353,-1.0115,304,97,5.7393,5.2034,0.5358,1.1671,0.9207,0.2464,1.4931,-1.3337
Sam Merrill,CLE,SG,12,8,20,-1,0.8096,1.9368,-1.1272,0,0,0,0,0,0,0,1,1,2,14,20,39,43,29,48,42,44,36,13,12,4,1,0,0,0,0,0,0,0,0,272,38,39,155,12,105,1082,63,1019,2.9198,10,-5,94,15,0,0,0,0,0,0,3,6,14,20,37,37,45,38,43,35,25,20,9,6,7,2,0,1,1,0,0,0,0,0,0,187,117,45,622,347,0.9943,0,0,1.9255,2.1948,-0.2693,0.3916,0.4275,-0.0359,-0.7067,1.3055
Maxime Raynaud,SAC,C,4,8,12,-2,-2.7725,-0.7571,-2.0154,0,0,0,1,1,4,8,15,23,29,50,43,58,44,27,23,14,6,3,0,0,0,0,0,0,0,0,0,0,0,0,117,174,58,0,112,5,271,490,-219,-0.6275,6,-9,22,12,0,0,0,0,0,0,0,0,0,0,1,4,11,12,35,42,52,49,32,27,30,17,14,14,5,2,2,0,0,0,0,333,5,11,1843,1837,5.2636,0,0,-5.8911,-5.8281,-0.063,-1.198,-1.0901,-0.1079,-0.6083,0.2121
Jaylen Wells,MEM,SG,10,7,17,-1,-0.5863,0.1081,-0.6943,0,0,0,0,0,0,1,2,1,18,27,31,63,48,46,46,36,13,12,4,1,0,0,0,0,0,0,0,0,0,0,206,80,63,133,9,64,595,159,436,1.2493,8,-6,59,23,0,0,0,0,0,0,0,3,6,12,19,30,38,41,39,41,37,33,22,9,8,7,2,0,1,1,0,0,0,0,0,241,70,38,922,779,2.2321,0,0,-0.9828,-0.8138,-0.1691,-0.1999,-0.1639,-0.036,-0.3684,0.3987
Pelle Larsson,MIA,SG,11,8,19,0,0.1419,-0.1227,0.2647,0,0,0,0,0,0,0,1,2,1,18,27,55,39,48,46,46,36,13,12,4,1,0,0,0,0,0,0,0,0,0,245,49,55,128,17,100,840,79,761,2.1805,9,-5,84,25,0,0,0,0,0,0,3,6,12,19,30,39,40,39,41,37,33,22,9,8,7,2,0,1,1,0,0,0,0,0,0,200,109,40,681,429,1.2292,0,0,0.9513,1.192,-0.2407,0.1935,0.1446,0.0489,0.0947,0.0145
Jusuf Nurkić,UTA,C,6,12,18,1,-0.0884,-1.1879,1.0994,0,0,0,0,0,0,0,2,4,10,7,19,38,27,42,33,50,44,27,23,14,6,3,0,0,0,0,0,0,0,0,269,42,38,0,239,30,1149,89,1060,3.0372,10,-5,84,16,0,0,0,0,0,0,0,0,1,4,12,13,87,53,41,36,25,24,17,15,13,4,2,2,0,0,0,0,0,0,0,232,30,87,852,799,2.2894,279,47,0.7479,0.1891,0.5587,0.1521,0.047,0.1051,0.9652,-1.1587
Miles McBride,NYK,SG,13,8,21,0,1.253,0.9171,0.3359,0,0,0,0,0,0,0,0,2,0,9,19,29,30,32,31,45,42,44,36,13,12,4,1,0,0,0,0,0,0,0,290,30,29,173,5,112,1356,45,1311,3.7564,11,-4,106,13,0,0,0,0,0,0,3,6,14,24,34,44,45,37,47,28,22,21,7,6,7,2,0,1,1,0,0,0,0,0,0,179,125,45,589,301,0.8625,0,0,2.894,3.1977,-0.3037,0.5885,0.6153,-0.0268,0.1328,0.1127
Reed Sheppard,HOU,SG,12,7,19,0,0.2956,0.2209,0.0747,0,0,0,0,0,0,0,2,0,9,19,17,42,32,31,45,42,44,36,13,12,4,1,0,0,0,0,0,0,0,0,260,47,42,187,0,73,1066,92,974,2.7908,10,-5,93,16,0,0,0,0,0,0,0,3,6,14,24,34,43,46,37,47,28,22,21,7,6,7,2,0,1,1,0,0,0,0,0,225,81,43,814,651,1.8653,0,0,0.9255,1.192,-0.2665,0.1882,0.2097,-0.0215,0.1402,-0.0992
Kyle Kuzma,MIL,PF,7,9,16,0,-1.2849,-1.0175,-0.2674,0,0,0,0,0,0,2,3,8,16,24,45,67,63,47,26,25,14,6,3,0,0,0,0,0,0,0,0,0,0,0,184,98,67,17,118,49,462,200,262,0.7507,7,-6,34,12,0,0,0,0,0,0,0,1,2,13,10,26,32,51,45,39,36,28,20,21,15,4,3,3,0,0,0,0,0,0,0,265,52,32,1028,930,2.6648,0,0,-1.914,-1.8166,-0.0974,-0.3892,-0.4599,0.0707,0.0347,-0.1538
Bilal Coulibaly,WAS,SG,10,7,17,1,-0.8105,-1.3147,0.5042,0,0,0,0,0,0,1,2,1,18,27,31,63,48,46,46,36,13,12,4,1,0,0,0,0,0,0,0,0,0,0,206,80,63,133,9,64,595,159,436,1.2493,8,-6,59,23,0,0,0,0,0,0,0,3,6,12,19,30,79,39,41,37,33,22,9,8,7,2,0,1,1,0,0,0,0,0,0,200,70,79,681,538,1.5415,241,41,-0.2923,-0.8138,0.5215,-0.0594,-0.2589,0.1995,0.3731,-0.3257
De'Andre Hunter,SAC,SF,7,7,14,-1,-1.913,-1.2,-0.7131,0,0,0,0,1,0,2,9,12,32,47,57,83,47,28,18,9,4,0,0,0,0,0,0,0,0,0,0,0,0,0,106,160,83,33,40,33,213,360,-147,-0.4212,5,-8,15,14,0,0,0,0,0,0,0,0,1,8,8,17,23,43,40,44,37,37,33,21,18,11,4,2,1,1,0,0,0,0,0,292,34,23,1263,1202,3.4441,0,0,-3.8653,-3.8223,-0.043,-0.786,-0.726,-0.06,-0.3016,-0.1111
Naz Reid,CHA,C,7,11,18,1,-0.1121,-0.652,0.5399,0,0,0,0,0,0,1,1,4,8,15,23,48,48,34,50,44,27,23,14,6,3,0,0,0,0,0,0,0,0,0,249,52,48,7,183,59,888,104,784,2.2464,9,-6,69,20,0,0,0,0,0,0,0,1,4,12,12,35,93,49,32,27,30,17,14,14,5,2,2,0,0,0,0,0,0,0,0,192,64,93,659,543,1.5559,244,52,0.6905,0.1891,0.5014,0.1404,0.037,0.1035,0.3948,-0.3624
Ausar Thompson,DET,SF,12,13,25,4,3.1885,-0.9614,4.1499,0,0,0,0,0,0,0,0,0,0,1,1,17,22,21,43,40,62,61,30,25,16,7,3,0,0,0,0,0,0,0,330,2,17,30,70,230,1686,3,1683,4.8223,11,-2,131,11,0,0,0,2,10,10,22,30,43,48,39,37,102,2,3,1,0,0,0,0,0,0,0,0,0,0,0,0,0,0,0,6,241,102,11,-870,-2.4928,168,67,7.3152,7.2092,0.106,1.4876,1.4353,0.0523,1.5043,-1.6902
Moussa Diabaté,CHA,C,9,13,22,1,1.4752,0.7899,0.6854,0,0,0,0,0,0,0,0,1,1,4,8,29,27,30,48,34,50,44,27,23,14,6,3,0,0,0,0,0,0,0,306,14,29,6,154,146,1473,23,1450,4.1547,11,-4,103,15,0,0,0,0,0,1,4,12,12,35,42,52,80,27,30,17,14,14,5,2,2,0,0,0,0,0,0,0,0,0,0,111,158,80,324,-56,-0.1605,143,32,4.3152,4.2006,0.1146,0.8775,0.7095,0.1681,0.3457,0.2579
Jalen Green,PHX,SG,12,7,19,-1,0.0266,0.5351,-0.5085,0,0,0,0,0,0,0,2,0,9,19,17,42,32,31,45,42,44,36,13,12,4,1,0,0,0,0,0,0,0,0,260,47,42,187,0,73,1066,92,974,2.7908,10,-5,93,16,0,0,0,0,0,0,0,3,6,14,24,34,43,46,37,47,28,22,21,7,6,7,2,0,1,1,0,0,0,0,0,225,81,43,814,651,1.8653,0,0,0.9255,1.192,-0.2665,0.1882,0.0957,0.0925,-0.0235,0.399
Jeremiah Fears,NOP,PG,8,5,13,-1,-2.5917,-1.4314,-1.1603,0,0,0,0,1,2,1,18,27,31,41,50,66,46,36,13,12,4,1,0,0,0,0,0,0,0,0,0,0,0,0,112,171,66,89,2,21,231,451,-220,-0.6304,6,-8,15,9,0,0,0,0,0,0,0,0,0,3,6,12,18,30,39,41,39,41,37,33,22,9,8,7,2,0,1,1,0,0,0,310,21,18,1512,1479,4.2378,0,0,-4.8682,-4.8252,-0.043,-0.99,-1.0135,0.0235,-0.2579,-0.0734
Cedric Coward,MEM,SG,12,8,20,0,0.7397,0.6566,0.0831,0,0,0,0,0,0,0,1,1,2,14,20,39,43,29,48,42,44,36,13,12,4,1,0,0,0,0,0,0,0,0,272,38,39,155,12,105,1082,63,1019,2.9198,10,-5,94,15,0,0,0,0,0,0,3,6,14,20,37,37,45,38,43,35,25,20,9,6,7,2,0,1,1,0,0,0,0,0,0,187,117,45,622,347,0.9943,0,0,1.9255,2.1948,-0.2693,0.3916,0.3978,-0.0063,-0.0394,0.2715
Zach Edey,MEM,C,6,14,20,0,0.9009,0.6235,0.2774,0,0,0,0,0,0,0,1,1,2,7,6,18,14,31,27,42,33,50,44,27,23,14,6,3,0,0,0,0,0,0,314,17,18,0,284,30,1763,35,1728,4.9513,12,-5,103,12,0,0,0,0,0,0,0,0,1,4,12,13,41,47,53,45,32,25,25,16,14,13,4,2,2,0,0,0,0,0,0,278,30,41,1118,1065,3.0516,0,0,1.8997,2.1948,-0.2951,0.3863,0.4661,-0.0798,0.7257,-0.787
Ajay Mitchell,OKC,SG,15,9,24,2,2.7281,0.5663,2.1618,0,0,0,0,0,0,0,0,0,1,1,4,24,14,20,25,32,31,45,42,44,36,13,12,4,1,0,0,0,0,0,319,6,24,152,3,164,1975,9,1966,5.6332,13,-3,130,14,0,0,0,0,0,3,6,14,24,35,47,43,111,23,19,7,6,7,2,0,1,1,0,0,0,0,0,0,0,0,0,66,172,111,170,-295,-0.8453,225,68,6.4785,6.2063,0.2722,1.3174,1.2402,0.0772,1.0065,-0.7064
Tari Eason,HOU,PF,9,10,19,1,0.2359,-0.9231,1.1591,0,0,0,0,0,0,0,1,1,7,10,18,68,40,62,61,30,25,16,7,3,0,0,0,0,0,0,0,0,0,0,244,37,68,44,92,108,761,68,693,1.9857,8,-5,71,29,0,0,0,0,0,0,2,10,10,22,30,43,86,37,36,22,19,20,6,2,3,1,0,0,0,0,0,0,0,0,0,146,117,86,434,163,0.467,185,39,1.5186,1.192,0.3266,0.3088,0.1844,0.1244,0.4401,-0.419
Harrison Barnes,SAS,PF,8,9,17,-1,-0.4288,0.2247,-0.6535,0,0,0,0,0,0,1,1,7,10,18,40,68,62,61,30,25,16,7,3,0,0,0,0,0,0,0,0,0,0,0,204,77,68,37,94,73,517,145,372,1.0659,7,-6,42,17,0,0,0,0,0,0,0,2,10,10,22,30,42,48,39,37,36,22,19,20,6,2,3,1,0,0,0,0,0,0,0,233,74,42,852,698,2,0,0,-0.9341,-0.8138,-0.1203,-0.19,-0.0972,-0.0927,-0.4967,0.4645
Moses Moody,GSW,SG,13,10,23,2,2.215,0.4858,1.7292,0,0,0,0,0,0,0,0,0,1,2,1,36,23,41,39,48,46,46,36,13,12,4,1,0,0,0,0,0,0,0,309,4,36,109,24,176,1435,8,1427,4.0888,11,-3,118,19,0,0,0,0,3,6,12,19,30,39,41,39,110,22,9,8,7,2,0,1,1,0,0,0,0,0,0,0,0,0,0,50,189,110,117,-474,-1.3582,203,70,5.447,5.2034,0.2436,1.1077,1.0229,0.0848,0.4799,-0.1143
Isaiah Collier,UTA,PG,6,4,10,-2,-3.7355,-1.5404,-2.1951,0,0,0,2,1,3,24,30,36,60,61,57,45,13,12,4,1,0,0,0,0,0,0,0,0,0,0,0,0,0,0,30,274,45,21,0,9,53,844,-791,-2.2665,4,-9,0,0,0,0,0,0,0,0,0,0,0,0,3,6,9,14,27,32,44,37,43,37,35,30,11,8,9,2,0,1,1,0,0,331,9,9,1955,1943,5.5673,0,0,-7.8338,-7.8338,0,-1.5931,-1.4981,-0.0949,-0.8034,0.234
Jarace Walker,IND,PF,4,6,10,-1,-3.5798,-2.4026,-1.1773,0,0,0,2,3,8,16,24,45,56,63,50,34,25,14,6,3,0,0,0,0,0,0,0,0,0,0,0,0,0,0,48,267,34,2,43,3,83,838,-755,-2.1633,4,-9,1,1,0,0,0,0,0,0,0,0,0,0,1,2,12,10,26,33,51,45,39,36,28,20,21,15,4,3,3,0,0,0,0,334,3,12,1984,1980,5.6734,0,0,-7.8367,-7.8338,-0.0029,-1.5936,-1.4322,-0.1615,-0.3161,-0.6817
Trae Young,WAS,PG,15,8,23,-2,1.4784,3.3246,-1.8461,0,0,0,0,0,0,0,0,0,1,3,4,25,11,20,25,32,31,45,42,44,36,13,12,4,1,0,0,0,0,0,316,8,25,199,0,117,1972,13,1959,5.6132,13,-3,129,13,0,0,0,0,0,0,3,6,14,24,35,47,46,42,42,25,22,19,7,6,7,2,0,1,1,0,0,0,0,0,0,174,129,46,565,272,0.7794,0,0,4.8338,5.2034,-0.3696,0.983,0.7108,0.2722,-0.4385,2.013
Neemias Queta,BOS,C,9,16,25,2,3.1523,1.0515,2.1008,0,0,0,0,0,0,0,0,0,0,1,3,14,10,6,15,31,27,42,33,50,44,27,23,14,6,3,0,0,0,0,331,4,14,0,179,152,2416,5,2411,6.9083,14,-2,124,9,0,0,0,0,0,1,4,12,13,41,48,52,101,25,17,14,13,4,2,2,0,0,0,0,0,0,0,0,0,0,0,77,171,101,199,-215,-0.616,234,56,7.5244,7.2092,0.3152,1.5301,1.4199,0.1102,1.223,-0.7537
Egor Dëmin,BKN,PG,10,6,16,-1,-0.8537,-0.2475,-0.6062,0,0,0,0,0,1,1,2,14,20,25,35,51,48,42,44,36,13,12,4,1,0,0,0,0,0,0,0,0,0,0,200,98,51,154,3,43,581,224,357,1.0229,8,-7,56,21,0,0,0,0,0,0,0,0,3,6,14,20,36,37,46,38,43,35,25,20,9,6,7,2,0,1,1,0,0,0,0,270,43,36,1125,1047,3,0,0,-1.9771,-1.8166,-0.1605,-0.4021,-0.2772,-0.1248,-0.2664,-0.0098
Nique Clifford,SAC,SG,7,5,12,0,-2.8567,-2.6704,-0.1863,0,0,0,0,2,1,3,24,30,36,60,61,62,40,13,12,4,1,0,0,0,0,0,0,0,0,0,0,0,0,0,70,217,62,47,4,19,123,570,-447,-1.2808,5,-8,6,6,0,0,0,0,0,0,0,0,0,3,6,10,13,27,32,44,37,43,37,35,30,11,8,9,2,0,1,1,0,0,0,317,19,13,1624,1593,4.5645,0,0,-5.8453,-5.8281,-0.0172,-1.1887,-1.1258,-0.0629,0.1484,-1.0472
Jake LaRavia,LAL,PF,7,8,15,0,-1.2971,-1.2938,-0.0033,0,0,0,0,0,1,1,7,10,18,40,52,78,61,30,25,16,7,3,0,0,0,0,0,0,0,0,0,0,0,0,142,129,78,25,76,41,313,274,39,0.1117,6,-7,25,15,0,0,0,0,0,0,0,0,2,10,10,22,29,43,48,39,37,36,22,19,20,6,2,3,1,0,0,0,0,0,0,276,44,29,1128,1048,3.0029,0,0,-2.8911,-2.8195,-0.0716,-0.5879,-0.4651,-0.1229,-0.0565,-0.526
Coby White,CHA,SG,12,9,21,-1,1.0632,2.0979,-1.0348,0,0,0,0,0,0,0,0,1,2,1,18,41,41,39,48,46,46,36,13,12,4,1,0,0,0,0,0,0,0,0,286,22,41,119,26,141,1126,30,1096,3.1404,10,-4,99,15,0,0,0,0,0,3,6,12,19,30,39,41,38,41,37,33,22,9,8,7,2,0,1,1,0,0,0,0,0,0,0,161,150,38,481,79,0.2264,0,0,2.914,3.1977,-0.2837,0.5926,0.5349,0.0577,-0.7094,1.5597
Derik Queen,NOP,C,5,7,12,-1,-2.7761,-1.6692,-1.1068,0,0,0,0,2,3,8,16,24,45,56,63,58,26,25,14,6,3,0,0,0,0,0,0,0,0,0,0,0,0,0,74,217,58,1,57,16,157,571,-414,-1.1862,5,-8,10,9,0,0,0,0,0,0,0,0,0,1,2,13,9,26,33,51,45,39,36,28,20,21,15,4,3,3,0,0,0,0,0,324,16,9,1650,1630,4.6705,0,0,-5.8567,-5.8281,-0.0287,-1.191,-1.0916,-0.0994,-0.3386,-0.3068
Jakob Poeltl,TOR,C,7,13,20,0,0.6697,0.3032,0.3665,0,0,0,0,0,0,0,0,2,4,10,7,25,32,27,42,33,50,44,27,23,14,6,3,0,0,0,0,0,0,0,301,23,25,1,235,65,1450,47,1403,4.0201,11,-4,91,7,0,0,0,0,0,0,0,1,4,12,13,41,46,53,41,36,25,24,17,15,13,4,2,2,0,0,0,0,0,0,0,232,71,46,852,728,2.086,0,0,1.9341,2.1948,-0.2607,0.3933,0.3682,0.0251,0.5498,-0.4442
Anfernee Simons,PHI,SG,11,7,18,-1,-0.2345,1.0607,-1.2953,0,0,0,0,0,0,1,1,2,14,20,25,57,29,48,42,44,36,13,12,4,1,0,0,0,0,0,0,0,0,0,229,63,57,156,1,72,810,126,684,1.9599,9,-6,79,23,0,0,0,0,0,0,0,3,6,14,20,37,36,46,38,43,35,25,20,9,6,7,2,0,1,1,0,0,0,0,0,233,80,36,855,697,1.9971,0,0,-0.0372,0.1891,-0.2264,-0.0076,-0.0149,0.0073,-0.6034,1.014
Sam Hauser,BOS,PF,9,11,20,0,0.8589,0.9323,-0.0734,0,0,0,0,0,0,0,0,2,3,8,16,51,40,45,63,47,26,25,14,6,3,0,0,0,0,0,0,0,0,0,269,29,51,27,117,125,960,49,911,2.6103,9,-4,85,28,0,0,0,0,0,1,2,13,10,26,33,51,44,39,36,28,20,21,15,4,3,3,0,0,0,0,0,0,0,0,0,169,136,44,549,230,0.659,0,0,1.9513,2.1948,-0.2436,0.3968,0.4483,-0.0515,-0.297,0.5507
Tristan Da Silva,ORL,SF,8,8,16,0,-1.2058,-1.0853,-0.1206,0,0,0,0,0,1,0,2,9,12,32,47,75,65,47,28,18,9,4,0,0,0,0,0,0,0,0,0,0,0,0,171,103,75,54,61,56,384,200,184,0.5272,6,-7,34,19,0,0,0,0,0,0,0,1,8,8,17,24,42,40,44,37,37,33,21,18,11,4,2,1,1,0,0,0,0,0,0,249,58,42,971,852,2.4413,0,0,-1.914,-1.8166,-0.0974,-0.3892,-0.4264,0.0372,-0.0122,-0.1823
Bruce Brown,DEN,SG,6,4,10,0,-3.7102,-3.3359,-0.3744,0,0,0,2,1,3,24,30,36,60,61,57,45,13,12,4,1,0,0,0,0,0,0,0,0,0,0,0,0,0,0,30,274,45,21,0,9,53,844,-791,-2.2665,4,-9,0,0,0,0,0,0,0,0,0,0,0,0,3,6,9,14,27,32,44,37,43,37,35,30,11,8,9,2,0,1,1,0,0,331,9,9,1955,1943,5.5673,0,0,-7.8338,-7.8338,0,-1.5931,-1.4874,-0.1057,0.1324,-1.3216
Cody Williams,MIN,SG,5,4,9,-2,-4.3906,-2.7254,-1.6652,0,0,1,1,3,9,27,34,51,66,63,56,18,12,7,1,0,0,0,0,0,0,0,0,0,0,0,0,0,0,0,20,311,18,11,3,6,29,1022,-993,-2.8453,3,-10,0,0,0,0,0,0,0,0,0,0,0,0,0,6,7,10,19,34,41,41,41,39,35,32,19,10,9,4,0,1,1,0,0,336,6,7,2097,2091,5.9914,0,0,-8.8367,-8.8367,0,-1.797,-1.7756,-0.0214,-0.3988,-0.4027
Terance Mann,BKN,SG,8,6,14,-1,-1.8217,-1.2882,-0.5335,0,0,0,0,0,2,1,3,24,30,36,60,70,53,40,13,12,4,1,0,0,0,0,0,0,0,0,0,0,0,0,123,156,70,77,13,33,246,353,-107,-0.3066,6,-7,16,10,0,0,0,0,0,0,0,0,3,6,10,14,26,32,44,37,43,37,35,30,11,8,9,2,0,1,1,0,0,0,0,290,33,26,1307,1243,3.5616,0,0,-3.8682,-3.8223,-0.0458,-0.7866,-0.6873,-0.0993,-0.2134,-0.3155
Bobby Portis,MIA,PF,6,8,14,-2,-1.7766,0.3155,-2.0921,0,0,0,0,0,2,3,8,16,24,45,56,74,47,26,25,14,6,3,0,0,0,0,0,0,0,0,0,0,0,0,121,154,74,4,91,26,278,354,-76,-0.2178,6,-7,22,12,0,0,0,0,0,0,0,0,1,2,13,10,25,33,51,45,39,36,28,20,21,15,4,3,3,0,0,0,0,0,0,298,26,25,1326,1280,3.6676,0,0,-3.8854,-3.8223,-0.063,-0.7901,-0.6682,-0.1219,-1.0166,0.9701
Dennis Schröder,CHA,PG,8,5,13,-1,-2.3606,-1.7246,-0.636,0,0,0,0,1,2,1,18,27,31,41,50,66,46,36,13,12,4,1,0,0,0,0,0,0,0,0,0,0,0,0,112,171,66,89,2,21,231,451,-220,-0.6304,6,-8,15,9,0,0,0,0,0,0,0,0,0,3,6,12,18,30,39,41,39,41,37,33,22,9,8,7,2,0,1,1,0,0,0,310,21,18,1512,1479,4.2378,0,0,-4.8682,-4.8252,-0.043,-0.99,-0.9156,-0.0744,-0.1051,-0.5213
Isaiah Hartenstein,OKC,C,9,16,25,3,3.5653,0.9526,2.6127,0,0,0,0,0,0,0,0,0,0,1,3,14,10,6,15,31,27,42,33,50,44,27,23,14,6,3,0,0,0,0,331,4,14,0,179,152,2416,5,2411,6.9083,14,-2,124,9,0,0,0,0,0,1,4,12,13,41,48,52,126,17,14,13,4,2,2,0,0,0,0,0,0,0,0,0,0,0,0,52,171,126,122,-292,-0.8367,311,81,7.745,7.2092,0.5358,1.575,1.5949,-0.0199,1.2745,-1.0953
Tre Johnson,WAS,SG,7,5,12,-2,-2.8277,-1.1665,-1.6612,0,0,0,0,2,1,3,24,30,36,60,61,62,40,13,12,4,1,0,0,0,0,0,0,0,0,0,0,0,0,0,70,217,62,47,4,19,123,570,-447,-1.2808,5,-8,6,6,0,0,0,0,0,0,0,0,0,3,6,10,13,27,32,44,37,43,37,35,30,11,8,9,2,0,1,1,0,0,0,317,19,13,1624,1593,4.5645,0,0,-5.8453,-5.8281,-0.0172,-1.1887,-1.1135,-0.0752,-0.6354,0.2128
Precious Achiuwa,SAC,C,7,11,18,0,-0.2734,-0.543,0.2696,0,0,0,0,0,0,1,1,4,8,15,23,48,48,34,50,44,27,23,14,6,3,0,0,0,0,0,0,0,0,0,249,52,48,7,183,59,888,104,784,2.2464,9,-6,69,20,0,0,0,0,0,0,0,1,4,12,12,35,41,52,49,32,27,30,17,14,14,5,2,2,0,0,0,0,0,0,0,244,64,41,903,787,2.255,0,0,-0.0086,0.1891,-0.1977,-0.0017,-0.0314,0.0296,0.338,-0.4348
Cam Spencer,MEM,SG,11,8,19,-1,0.4978,1.9248,-1.4271,0,0,0,0,0,0,0,1,2,1,18,27,55,39,48,46,46,36,13,12,4,1,0,0,0,0,0,0,0,0,0,245,49,55,128,17,100,840,79,761,2.1805,9,-5,84,25,0,0,0,0,0,0,3,6,12,19,30,39,40,39,41,37,33,22,9,8,7,2,0,1,1,0,0,0,0,0,0,200,109,40,681,429,1.2292,0,0,0.9513,1.192,-0.2407,0.1935,0.2953,-0.1019,-0.9725,1.4598
Dominick Barlow,PHI,PF,7,9,16,1,-0.9602,-1.6122,0.6519,0,0,0,0,0,0,2,3,8,16,24,45,67,63,47,26,25,14,6,3,0,0,0,0,0,0,0,0,0,0,0,184,98,67,17,118,49,462,200,262,0.7507,7,-6,34,12,0,0,0,0,0,0,0,1,2,13,10,26,83,45,39,36,28,20,21,15,4,3,3,0,0,0,0,0,0,0,0,214,52,83,763,665,1.9054,265,51,-1.1547,-1.8166,0.6619,-0.2348,-0.3223,0.0875,0.3447,-0.6098
Collin Sexton,LAL,SG,11,7,18,0,-0.136,0.2738,-0.4099,0,0,0,0,0,0,1,1,2,14,20,25,57,29,48,42,44,36,13,12,4,1,0,0,0,0,0,0,0,0,0,229,63,57,156,1,72,810,126,684,1.9599,9,-6,79,23,0,0,0,0,0,0,0,3,6,14,20,37,36,46,38,43,35,25,20,9,6,7,2,0,1,1,0,0,0,0,0,233,80,36,855,697,1.9971,0,0,-0.0372,0.1891,-0.2264,-0.0076,0.0268,-0.0344,-0.1932,0.2576
Mark Williams,PHX,C,7,12,19,0,0.2072,0.2437,-0.0365,0,0,0,0,0,0,0,1,2,7,10,18,39,30,42,33,50,44,27,23,14,6,3,0,0,0,0,0,0,0,0,272,38,39,3,206,63,1152,72,1080,3.0946,10,-5,85,17,0,0,0,0,0,0,0,1,4,12,13,38,45,54,42,32,30,25,16,15,14,4,2,2,0,0,0,0,0,0,0,236,68,45,870,749,2.1461,0,0,0.9484,1.192,-0.2436,0.1929,0.1722,0.0206,0.2401,-0.126
Brice Sensabaugh,UTA,SF,7,7,14,-2,-2.0072,0.2529,-2.2601,0,0,0,0,1,0,2,9,12,32,47,57,83,47,28,18,9,4,0,0,0,0,0,0,0,0,0,0,0,0,0,106,160,83,33,40,33,213,360,-147,-0.4212,5,-8,15,14,0,0,0,0,0,0,0,0,1,8,8,17,23,43,40,44,37,37,33,21,18,11,4,2,1,1,0,0,0,0,0,292,34,23,1263,1202,3.4441,0,0,-3.8653,-3.8223,-0.043,-0.786,-0.7659,-0.0201,-1.0588,1.2106
Kyle Filipowski,UTA,C,6,9,15,-1,-1.3282,0.1705,-1.4988,0,0,0,0,0,1,3,4,12,19,28,49,64,51,45,27,23,14,6,3,0,0,0,0,0,0,0,0,0,0,0,169,116,64,2,139,28,441,255,186,0.533,7,-7,31,9,0,0,0,0,0,0,0,0,1,4,11,12,27,41,49,48,40,28,27,22,16,13,5,3,2,0,0,0,0,0,0,294,28,27,1251,1201,3.4413,0,0,-2.9083,-2.8195,-0.0888,-0.5914,-0.4783,-0.1132,-0.6646,0.5614
Kris Murray,MEM,SF,7,8,15,1,-1.3708,-2.472,1.1012,0,0,0,0,0,1,1,7,10,18,40,52,78,61,30,25,16,7,3,0,0,0,0,0,0,0,0,0,0,0,0,142,129,78,25,76,41,313,274,39,0.1117,6,-7,25,15,0,0,0,0,0,0,0,0,2,10,10,22,72,48,39,37,36,22,19,20,6,2,3,1,0,0,0,0,0,0,0,233,44,72,852,772,2.212,276,43,-2.1003,-2.8195,0.7192,-0.4271,-0.4963,0.0692,0.5576,-1.1266
Keldon Johnson,SAS,SF,9,9,18,0,-0.1242,-0.212,0.0878,0,0,0,0,0,0,1,0,2,9,12,32,71,51,65,47,28,18,9,4,0,0,0,0,0,0,0,0,0,0,0,222,56,71,55,70,97,606,97,509,1.4585,7,-6,59,25,0,0,0,0,0,0,1,8,8,17,24,43,39,44,37,37,33,21,18,11,4,2,1,1,0,0,0,0,0,0,0,209,101,39,722,502,1.4384,0,0,0.0201,0.1891,-0.1691,0.0041,0.0319,-0.0278,-0.1246,0.0748
Svi Mykhailiuk,UTA,SF,9,9,18,-1,-0.2709,0.454,-0.725,0,0,0,0,0,0,1,0,2,9,12,32,71,51,65,47,28,18,9,4,0,0,0,0,0,0,0,0,0,0,0,222,56,71,55,70,97,606,97,509,1.4585,7,-6,59,25,0,0,0,0,0,0,1,8,8,17,24,43,39,44,37,37,33,21,18,11,4,2,1,1,0,0,0,0,0,0,0,209,101,39,722,502,1.4384,0,0,0.0201,0.1891,-0.1691,0.0041,-0.0303,0.0344,-0.4717,0.7692
De'Anthony Melton,GSW,PG,11,7,18,1,-0.004,-0.9388,0.9348,0,0,0,0,0,0,1,1,2,14,20,25,57,29,48,42,44,36,13,12,4,1,0,0,0,0,0,0,0,0,0,229,63,57,156,1,72,810,126,684,1.9599,9,-6,79,23,0,0,0,0,0,0,0,3,6,14,20,37,82,38,43,35,25,20,9,6,7,2,0,1,1,0,0,0,0,0,0,187,80,82,622,464,1.3295,233,46,0.6304,0.1891,0.4413,0.1282,0.0828,0.0454,0.4388,-0.6016
Landry Shamet,NYK,SG,10,7,17,0,-0.3254,-0.5572,0.2319,0,0,0,0,0,0,1,2,1,18,27,31,63,48,46,46,36,13,12,4,1,0,0,0,0,0,0,0,0,0,0,206,80,63,133,9,64,595,159,436,1.2493,8,-6,59,23,0,0,0,0,0,0,0,3,6,12,19,30,38,41,39,41,37,33,22,9,8,7,2,0,1,1,0,0,0,0,0,241,70,38,922,779,2.2321,0,0,-0.9828,-0.8138,-0.1691,-0.1999,-0.0534,-0.1465,-0.0216,-0.3926
Ziaire Williams,LAL,SF,8,8,16,1,-1.0298,-1.9955,0.9656,0,0,0,0,0,1,0,2,9,12,32,47,75,65,47,28,18,9,4,0,0,0,0,0,0,0,0,0,0,0,0,171,103,75,54,61,56,384,200,184,0.5272,6,-7,34,19,0,0,0,0,0,0,0,1,8,8,17,24,82,44,37,37,33,21,18,11,4,2,1,1,0,0,0,0,0,0,0,209,58,82,722,603,1.7278,249,40,-1.2006,-1.8166,0.616,-0.2441,-0.3518,0.1077,0.4622,-0.8007
Khris Middleton,WAS,SF,6,6,12,-1,-2.6595,-1.4612,-1.1982,0,0,0,1,0,2,9,12,32,47,57,70,60,28,18,9,4,0,0,0,0,0,0,0,0,0,0,0,0,0,0,59,230,60,13,29,17,107,590,-483,-1.384,4,-9,1,1,0,0,0,0,0,0,0,0,0,1,8,8,16,24,43,40,44,37,37,33,21,18,11,4,2,1,1,0,0,0,0,316,17,16,1579,1552,4.447,0,0,-5.8309,-5.8281,-0.0029,-1.1858,-1.0422,-0.1435,-0.5198,-0.1317
Isaiah Stewart,MEM,C,7,11,18,1,-0.2226,-0.9459,0.7233,0,0,0,0,0,0,1,1,4,8,15,23,48,48,34,50,44,27,23,14,6,3,0,0,0,0,0,0,0,0,0,249,52,48,7,183,59,888,104,784,2.2464,9,-6,69,20,0,0,0,0,0,0,0,1,4,12,12,35,93,49,32,27,30,17,14,14,5,2,2,0,0,0,0,0,0,0,0,192,64,93,659,543,1.5559,244,52,0.6905,0.1891,0.5014,0.1404,-0.0099,0.1503,0.548,-0.5191
Ty Jerome,MEM,SG,15,10,25,0,3.6412,3.4227,0.2185,0,0,0,0,0,0,0,0,0,0,2,0,23,15,19,30,32,31,45,42,44,36,13,12,4,1,0,0,0,0,0,324,2,23,124,8,192,1989,4,1985,5.6877,13,-2,132,15,0,0,0,0,3,6,14,24,34,44,46,37,46,28,22,21,7,6,7,2,0,1,1,0,0,0,0,0,0,0,0,95,208,46,268,-399,-1.1433,0,0,6.8309,7.2092,-0.3782,1.3891,1.6271,-0.238,-0.4622,1.0832
Dylan Harper,SAS,SG,12,9,21,1,1.2662,0.2096,1.0566,0,0,0,0,0,0,0,0,1,2,1,18,41,41,39,48,46,46,36,13,12,4,1,0,0,0,0,0,0,0,0,286,22,41,119,26,141,1126,30,1096,3.1404,10,-4,99,15,0,0,0,0,0,3,6,12,19,30,39,41,79,37,33,22,9,8,7,2,0,1,1,0,0,0,0,0,0,0,0,120,150,79,320,-82,-0.235,161,41,3.3754,3.1977,0.1777,0.6864,0.6209,0.0655,0.2748,-0.0269
Jamal Shead,TOR,PG,11,6,17,1,-0.6309,-1.2692,0.6384,0,0,0,0,0,0,2,0,9,19,17,27,47,31,45,42,44,36,13,12,4,1,0,0,0,0,0,0,0,0,0,228,74,47,182,0,46,806,166,640,1.8338,9,-6,77,22,0,0,0,0,0,0,0,0,3,6,14,24,77,46,37,47,28,22,21,7,6,7,2,0,1,1,0,0,0,0,0,225,47,77,814,732,2.0974,269,44,-0.2636,-0.8138,0.5501,-0.0536,-0.1828,0.1292,0.5646,-0.6815
Jordan Goodwin,PHX,PG,13,8,21,2,1.4168,-0.2687,1.6856,0,0,0,0,0,0,0,0,2,0,9,19,29,30,32,31,45,42,44,36,13,12,4,1,0,0,0,0,0,0,0,290,30,29,173,5,112,1356,45,1311,3.7564,11,-4,106,13,0,0,0,0,0,0,3,6,14,24,34,44,129,28,22,21,7,6,7,2,0,1,1,0,0,0,0,0,0,0,0,95,125,129,268,-20,-0.0573,321,84,3.8138,3.1977,0.616,0.7756,0.6847,0.0908,0.7509,-0.6414
Sion James,CHA,SG,9,6,15,1,-1.6091,-2.224,0.6149,0,0,0,0,0,1,2,1,18,27,31,41,70,46,46,36,13,12,4,1,0,0,0,0,0,0,0,0,0,0,0,158,121,70,112,6,40,389,280,109,0.3123,7,-7,36,21,0,0,0,0,0,0,0,0,3,6,12,19,68,41,39,41,37,33,22,9,8,7,2,0,1,1,0,0,0,0,0,241,40,68,922,849,2.4327,280,39,-2.1203,-2.8195,0.6991,-0.4312,-0.5972,0.1661,0.5022,-0.8068
Kevin Huerter,DET,SF,9,9,18,0,-0.3238,-0.5175,0.1937,0,0,0,0,0,0,1,0,2,9,12,32,71,51,65,47,28,18,9,4,0,0,0,0,0,0,0,0,0,0,0,222,56,71,55,70,97,606,97,509,1.4585,7,-6,59,25,0,0,0,0,0,0,1,8,8,17,24,43,39,44,37,37,33,21,18,11,4,2,1,1,0,0,0,0,0,0,0,209,101,39,722,502,1.4384,0,0,0.0201,0.1891,-0.1691,0.0041,-0.0527,0.0568,0.0346,-0.0157
Zaccharie Risacher,DAL,SF,7,7,14,-1,-2.1395,-1.3638,-0.7757,0,0,0,0,1,0,2,9,12,32,47,57,83,47,28,18,9,4,0,0,0,0,0,0,0,0,0,0,0,0,0,106,160,83,33,40,33,213,360,-147,-0.4212,5,-8,15,14,0,0,0,0,0,0,0,0,1,8,8,17,23,43,40,44,37,37,33,21,18,11,4,2,1,1,0,0,0,0,0,292,34,23,1263,1202,3.4441,0,0,-3.8653,-3.8223,-0.043,-0.786,-0.8219,0.0359,-0.2162,-0.0576
Dean Wade,PHI,PF,8,10,18,1,-0.0228,-0.7526,0.7298,0,0,0,0,0,0,0,2,3,8,16,24,67,45,63,47,26,25,14,6,3,0,0,0,0,0,0,0,0,0,0,229,53,67,29,119,81,691,102,589,1.6877,8,-5,57,23,0,0,0,0,0,0,1,2,13,10,26,33,95,39,36,28,20,21,15,4,3,3,0,0,0,0,0,0,0,0,0,169,85,95,549,366,1.0487,214,45,0.639,0.1891,0.4499,0.1299,0.0748,0.0552,0.2416,-0.3046
Brandon Williams,GSW,PG,10,5,15,-1,-1.3703,-0.4906,-0.8797,0,0,0,0,0,2,0,9,19,17,27,26,52,45,42,44,36,13,12,4,1,0,0,0,0,0,0,0,0,0,0,197,100,52,174,0,23,578,266,312,0.894,8,-7,55,20,0,0,0,0,0,0,0,0,0,3,6,14,23,34,44,46,37,47,28,22,21,7,6,7,2,0,1,1,0,0,0,303,23,23,1386,1351,3.8711,0,0,-2.9771,-2.8195,-0.1576,-0.6054,-0.4961,-0.1093,-0.1872,-0.154
Nolan Traoré,BKN,PG,4,3,7,-2,-4.9714,-3.1634,-1.808,0,1,1,3,9,27,34,51,66,63,56,19,11,7,1,0,0,0,0,0,0,0,0,0,0,0,0,0,0,0,0,8,330,11,5,3,0,9,1352,-1343,-3.8481,2,-11,0,0,0,0,0,0,0,0,0,0,0,0,0,0,5,8,10,19,34,41,41,41,39,35,32,19,10,9,4,0,1,1,0,344,0,5,2441,2441,6.9943,0,0,-10.8424,-10.8424,0,-2.2049,-2.0217,-0.1832,-0.5397,-0.7159
Kel'el Ware,MIL,C,7,13,20,0,0.6636,0.5529,0.1108,0,0,0,0,0,0,0,0,2,4,10,7,25,32,27,42,33,50,44,27,23,14,6,3,0,0,0,0,0,0,0,301,23,25,1,235,65,1450,47,1403,4.0201,11,-4,91,7,0,0,0,0,0,0,0,1,4,12,13,41,46,53,41,36,25,24,17,15,13,4,2,2,0,0,0,0,0,0,0,232,71,46,852,728,2.086,0,0,1.9341,2.1948,-0.2607,0.3933,0.3656,0.0277,0.4197,-0.2258
Jock Landale,ATL,C,6,11,17,-1,-0.4257,0.998,-1.4237,0,0,0,0,0,0,1,2,7,10,18,23,46,42,33,50,44,27,23,14,6,3,0,0,0,0,0,0,0,0,0,242,61,46,0,212,30,880,133,747,2.1404,9,-6,68,19,0,0,0,0,0,0,0,0,1,4,12,13,37,46,54,42,32,30,25,16,15,14,4,2,2,0,0,0,0,0,0,282,30,37,1152,1099,3.149,0,0,-1.0086,-0.8138,-0.1948,-0.2051,-0.0959,-0.1092,-0.5042,0.624
Will Riley,WAS,SF,4,4,8,-3,-4.6598,-2.0934,-2.5664,0,1,0,2,9,12,32,47,57,70,60,29,17,9,4,0,0,0,0,0,0,0,0,0,0,0,0,0,0,0,0,13,319,17,4,8,1,17,1199,-1182,-3.3868,2,-11,0,0,0,0,0,0,0,0,0,0,0,0,0,1,7,8,17,24,43,40,44,37,37,33,21,18,11,4,2,1,1,0,0,341,1,7,2253,2252,6.4527,0,0,-9.8395,-9.8395,0,-2.0009,-1.8897,-0.1113,-0.9276,0.167
Jordan Miller,LAC,SF,7,7,14,-1,-1.7081,-0.5216,-1.1865,0,0,0,0,1,0,2,9,12,32,47,57,83,47,28,18,9,4,0,0,0,0,0,0,0,0,0,0,0,0,0,106,160,83,33,40,33,213,360,-147,-0.4212,5,-8,15,14,0,0,0,0,0,0,0,0,1,8,8,17,23,43,40,44,37,37,33,21,18,11,4,2,1,1,0,0,0,0,0,292,34,23,1263,1202,3.4441,0,0,-3.8653,-3.8223,-0.043,-0.786,-0.6392,-0.1469,-0.6552,0.2934
Spencer Jones,DEN,SF,7,7,14,0,-1.6824,-1.9279,0.2455,0,0,0,0,1,0,2,9,12,32,47,57,83,47,28,18,9,4,0,0,0,0,0,0,0,0,0,0,0,0,0,106,160,83,33,40,33,213,360,-147,-0.4212,5,-8,15,14,0,0,0,0,0,0,0,0,1,8,8,17,23,43,40,44,37,37,33,21,18,11,4,2,1,1,0,0,0,0,0,292,34,23,1263,1202,3.4441,0,0,-3.8653,-3.8223,-0.043,-0.786,-0.6283,-0.1578,0.0778,-0.9301
Malik Monk,SAC,SG,8,6,14,-2,-2.0263,-0.1555,-1.8708,0,0,0,0,0,2,1,3,24,30,36,60,70,53,40,13,12,4,1,0,0,0,0,0,0,0,0,0,0,0,0,123,156,70,77,13,33,246,353,-107,-0.3066,6,-7,16,10,0,0,0,0,0,0,0,0,3,6,10,14,26,32,44,37,43,37,35,30,11,8,9,2,0,1,1,0,0,0,0,290,33,26,1307,1243,3.5616,0,0,-3.8682,-3.8223,-0.0458,-0.7866,-0.774,-0.0126,-0.8038,0.827
Oso Ighodaro,PHX,PF,8,10,18,1,0.0092,-1.4418,1.451,0,0,0,0,0,0,0,2,3,8,16,24,67,45,63,47,26,25,14,6,3,0,0,0,0,0,0,0,0,0,0,229,53,67,29,119,81,691,102,589,1.6877,8,-5,57,23,0,0,0,0,0,0,1,2,13,10,26,33,95,39,36,28,20,21,15,4,3,3,0,0,0,0,0,0,0,0,0,169,85,95,549,366,1.0487,214,45,0.639,0.1891,0.4499,0.1299,0.0884,0.0416,0.6008,-0.9208
Sandro Mamukelashvili,LAL,C,8,14,22,1,1.6719,0.9753,0.6967,0,0,0,0,0,0,0,0,0,2,4,10,18,14,32,27,42,33,50,44,27,23,14,6,3,0,0,0,0,0,0,315,16,18,1,205,109,1765,24,1741,4.9885,12,-3,103,12,0,0,0,0,0,0,1,4,12,13,41,47,93,36,25,24,17,15,13,4,2,2,0,0,0,0,0,0,0,0,0,138,118,93,441,199,0.5702,179,41,4.4183,4.2006,0.2178,0.8985,0.7928,0.1057,0.556,-0.0687
Collin Murray-Boyles,TOR,PF,8,11,19,1,0.5011,-0.6315,1.1326,0,0,0,0,0,0,0,1,3,4,12,19,49,48,44,51,45,27,23,14,6,3,0,0,0,0,0,0,0,0,0,261,39,49,19,151,91,915,72,843,2.4155,9,-5,74,22,0,0,0,0,0,0,1,4,11,12,28,41,96,40,28,27,22,16,13,5,3,2,0,0,0,0,0,0,0,0,0,156,97,96,500,297,0.851,204,48,1.5645,1.192,0.3725,0.3181,0.2968,0.0214,0.4463,-0.563
Aaron Wiggins,ATL,SG,9,6,15,1,-1.3541,-2.109,0.7549,0,0,0,0,0,1,2,1,18,27,31,41,70,46,46,36,13,12,4,1,0,0,0,0,0,0,0,0,0,0,0,158,121,70,112,6,40,389,280,109,0.3123,7,-7,36,21,0,0,0,0,0,0,0,0,3,6,12,19,68,41,39,41,37,33,22,9,8,7,2,0,1,1,0,0,0,0,0,241,40,68,922,849,2.4327,280,39,-2.1203,-2.8195,0.6991,-0.4312,-0.4892,0.058,0.4422,-0.9264
Brook Lopez,LAC,C,7,13,20,2,0.834,-1.179,2.013,0,0,0,0,0,0,0,0,2,4,10,7,25,32,27,42,33,50,44,27,23,14,6,3,0,0,0,0,0,0,0,301,23,25,1,235,65,1450,47,1403,4.0201,11,-4,91,7,0,0,0,0,0,0,0,1,4,12,13,41,140,36,25,24,17,15,13,4,2,2,0,0,0,0,0,0,0,0,0,138,71,140,441,317,0.9083,411,94,3.1117,2.1948,0.9169,0.6328,0.4378,0.195,1.3223,-1.34
Klay Thompson,MIA,SF,8,8,16,0,-0.9656,-0.8637,-0.1019,0,0,0,0,0,1,0,2,9,12,32,47,75,65,47,28,18,9,4,0,0,0,0,0,0,0,0,0,0,0,0,171,103,75,54,61,56,384,200,184,0.5272,6,-7,34,19,0,0,0,0,0,0,0,1,8,8,17,24,42,40,44,37,37,33,21,18,11,4,2,1,1,0,0,0,0,0,0,249,58,42,971,852,2.4413,0,0,-1.914,-1.8166,-0.0974,-0.3892,-0.3246,-0.0646,-0.1277,-0.1982
Daniel Gafford,DAL,C,6,10,16,-1,-1.1702,-0.5964,-0.5737,0,0,0,0,0,1,1,4,8,15,23,29,67,34,50,44,27,23,14,6,3,0,0,0,0,0,0,0,0,0,0,201,81,67,1,171,29,639,185,454,1.3009,8,-7,49,18,0,0,0,0,0,0,0,0,1,4,12,12,34,42,52,49,32,27,30,17,14,14,5,2,2,0,0,0,0,0,0,286,29,34,1189,1137,3.2579,0,0,-1.957,-1.8166,-0.1404,-0.398,-0.4113,0.0133,0.0178,-0.1494
Luke Kennard,PHX,SG,9,6,15,-1,-1.3907,-0.3493,-1.0414,0,0,0,0,0,1,2,1,18,27,31,41,70,46,46,36,13,12,4,1,0,0,0,0,0,0,0,0,0,0,0,158,121,70,112,6,40,389,280,109,0.3123,7,-7,36,21,0,0,0,0,0,0,0,0,3,6,12,19,29,39,41,39,41,37,33,22,9,8,7,2,0,1,1,0,0,0,0,280,40,29,1202,1129,3.235,0,0,-2.9226,-2.8195,-0.1032,-0.5943,-0.5047,-0.0896,-0.4749,0.2601
Al Horford,GSW,C,7,10,17,0,-0.5323,-0.5348,0.0026,0,0,0,0,0,0,1,3,4,12,19,28,69,44,51,45,27,23,14,6,3,0,0,0,0,0,0,0,0,0,0,213,67,69,13,147,53,654,139,515,1.4756,8,-6,52,21,0,0,0,0,0,0,0,1,4,11,12,28,40,49,48,40,28,27,22,16,13,5,3,2,0,0,0,0,0,0,0,253,56,40,957,851,2.4384,0,0,-0.9628,-0.8138,-0.149,-0.1958,-0.141,-0.0547,0.05,-0.2862
GG Jackson II,MEM,PF,7,8,15,-1,-1.2717,-0.3234,-0.9483,0,0,0,0,0,1,1,7,10,18,40,52,78,61,30,25,16,7,3,0,0,0,0,0,0,0,0,0,0,0,0,142,129,78,25,76,41,313,274,39,0.1117,6,-7,25,15,0,0,0,0,0,0,0,0,2,10,10,22,29,43,48,39,37,36,22,19,20,6,2,3,1,0,0,0,0,0,0,276,44,29,1128,1048,3.0029,0,0,-2.8911,-2.8195,-0.0716,-0.5879,-0.4543,-0.1336,-0.5623,0.2813
Vít Krejčí,POR,PG,8,6,14,-1,-1.8229,-1.2104,-0.6126,0,0,0,0,0,2,1,3,24,30,36,60,70,53,40,13,12,4,1,0,0,0,0,0,0,0,0,0,0,0,0,123,156,70,77,13,33,246,353,-107,-0.3066,6,-7,16,10,0,0,0,0,0,0,0,0,3,6,10,14,26,32,44,37,43,37,35,30,11,8,9,2,0,1,1,0,0,0,0,290,33,26,1307,1243,3.5616,0,0,-3.8682,-3.8223,-0.0458,-0.7866,-0.6878,-0.0988,-0.254,-0.248
Ryan Kalkbrenner,CHA,C,6,10,16,0,-1.1026,-1.4625,0.3599,0,0,0,0,0,1,1,4,8,15,23,29,67,34,50,44,27,23,14,6,3,0,0,0,0,0,0,0,0,0,0,201,81,67,1,171,29,639,185,454,1.3009,8,-7,49,18,0,0,0,0,0,0,0,0,1,4,12,12,34,42,52,49,32,27,30,17,14,14,5,2,2,0,0,0,0,0,0,286,29,34,1189,1137,3.2579,0,0,-1.957,-1.8166,-0.1404,-0.398,-0.3827,-0.0153,0.4692,-0.947
Ben Sheppard,IND,SG,7,5,12,-1,-3.009,-1.9517,-1.0574,0,0,0,0,2,1,3,24,30,36,60,61,62,40,13,12,4,1,0,0,0,0,0,0,0,0,0,0,0,0,0,70,217,62,47,4,19,123,570,-447,-1.2808,5,-8,6,6,0,0,0,0,0,0,0,0,0,3,6,10,13,27,32,44,37,43,37,35,30,11,8,9,2,0,1,1,0,0,0,317,19,13,1624,1593,4.5645,0,0,-5.8453,-5.8281,-0.0172,-1.1887,-1.1903,0.0017,-0.2262,-0.303
Kentavious Caldwell-Pope,PHI,SG,7,5,12,-1,-2.6169,-1.886,-0.7309,0,0,0,0,2,1,3,24,30,36,60,61,62,40,13,12,4,1,0,0,0,0,0,0,0,0,0,0,0,0,0,70,217,62,47,4,19,123,570,-447,-1.2808,5,-8,6,6,0,0,0,0,0,0,0,0,0,3,6,10,13,27,32,44,37,43,37,35,30,11,8,9,2,0,1,1,0,0,0,317,19,13,1624,1593,4.5645,0,0,-5.8453,-5.8281,-0.0172,-1.1887,-1.0242,-0.1645,-0.2604,-0.582
Isaiah Joe,DET,SG,13,7,20,0,1.0919,1.4159,-0.324,0,0,0,0,0,0,0,1,1,4,11,18,29,25,32,31,45,42,44,36,13,12,4,1,0,0,0,0,0,0,0,285,35,29,212,0,73,1351,61,1290,3.6963,11,-5,106,14,0,0,0,0,0,0,0,3,6,14,24,35,46,43,44,43,25,23,19,7,6,7,2,0,1,1,0,0,0,0,0,221,82,46,794,630,1.8052,0,0,1.8911,2.1948,-0.3037,0.3846,0.5471,-0.1625,-0.1493,0.2675
Gary Trent Jr.,MIL,SG,6,4,10,-2,-3.9122,-1.9472,-1.965,0,0,0,2,1,3,24,30,36,60,61,57,45,13,12,4,1,0,0,0,0,0,0,0,0,0,0,0,0,0,0,30,274,45,21,0,9,53,844,-791,-2.2665,4,-9,0,0,0,0,0,0,0,0,0,0,0,0,3,6,9,14,27,32,44,37,43,37,35,30,11,8,9,2,0,1,1,0,0,331,9,9,1955,1943,5.5673,0,0,-7.8338,-7.8338,0,-1.5931,-1.5729,-0.0201,-0.5914,0.0373
Cam Thomas,2TM,SG,6,4,10,-3,-3.805,-0.5596,-3.2454,0,0,0,2,1,3,24,30,36,60,61,57,45,13,12,4,1,0,0,0,0,0,0,0,0,0,0,0,0,0,0,30,274,45,21,0,9,53,844,-791,-2.2665,4,-9,0,0,0,0,0,0,0,0,0,0,0,0,3,6,9,14,27,32,44,37,43,37,35,30,11,8,9,2,0,1,1,0,0,331,9,9,1955,1943,5.5673,0,0,-7.8338,-7.8338,0,-1.5931,-1.5275,-0.0655,-1.3146,1.1313
Jay Huff,IND,C,6,9,15,-1,-1.6295,-0.897,-0.7325,0,0,0,0,0,1,3,4,12,19,28,49,64,51,45,27,23,14,6,3,0,0,0,0,0,0,0,0,0,0,0,169,116,64,2,139,28,441,255,186,0.533,7,-7,31,9,0,0,0,0,0,0,0,0,1,4,11,12,27,41,49,48,40,28,27,22,16,13,5,3,2,0,0,0,0,0,0,294,28,27,1251,1201,3.4413,0,0,-2.9083,-2.8195,-0.0888,-0.5914,-0.6059,0.0145,-0.1083,-0.0933
Bryce McGowens,NOP,SG,8,6,14,-1,-2.0723,-0.8138,-1.2585,0,0,0,0,0,2,1,3,24,30,36,60,70,53,40,13,12,4,1,0,0,0,0,0,0,0,0,0,0,0,0,123,156,70,77,13,33,246,353,-107,-0.3066,6,-7,16,10,0,0,0,0,0,0,0,0,3,6,10,14,26,32,44,37,43,37,35,30,11,8,9,2,0,1,1,0,0,0,0,290,33,26,1307,1243,3.5616,0,0,-3.8682,-3.8223,-0.0458,-0.7866,-0.7935,0.0069,-0.4607,0.3039
Luke Kornet,SAS,C,6,12,18,0,-0.2573,-0.2331,-0.0242,0,0,0,0,0,0,0,2,4,10,7,19,38,27,42,33,50,44,27,23,14,6,3,0,0,0,0,0,0,0,0,269,42,38,0,239,30,1149,89,1060,3.0372,10,-5,84,16,0,0,0,0,0,0,0,0,1,4,12,13,40,47,53,41,36,25,24,17,15,13,4,2,2,0,0,0,0,0,0,279,30,40,1131,1078,3.0888,0,0,-0.0516,0.1891,-0.2407,-0.0105,-0.0246,0.0141,0.4676,-0.5456
Drake Powell,BKN,SG,5,3,8,-1,-4.8636,-4.1162,-0.7474,0,0,2,1,3,24,30,36,60,61,57,46,12,12,4,1,0,0,0,0,0,0,0,0,0,0,0,0,0,0,0,17,320,12,14,0,3,23,1164,-1141,-3.2693,3,-10,0,0,0,0,0,0,0,0,0,0,0,0,0,3,5,10,14,27,32,44,37,43,37,35,30,11,8,9,2,0,1,1,0,341,3,5,2296,2293,6.5702,0,0,-9.8395,-9.8395,0,-2.0009,-1.976,-0.0249,0.17,-1.438
Danny Wolf,BKN,PF,6,8,14,0,-2.0382,-2.0473,0.0091,0,0,0,0,0,2,3,8,16,24,45,56,74,47,26,25,14,6,3,0,0,0,0,0,0,0,0,0,0,0,0,121,154,74,4,91,26,278,354,-76,-0.2178,6,-7,22,12,0,0,0,0,0,0,0,0,1,2,13,10,25,33,51,45,39,36,28,20,21,15,4,3,3,0,0,0,0,0,0,298,26,25,1326,1280,3.6676,0,0,-3.8854,-3.8223,-0.063,-0.7901,-0.779,-0.0111,0.215,-0.8251
Ben Saraf,BKN,SG,4,2,6,-1,-6.1181,-4.666,-1.4521,0,2,1,3,24,30,36,60,61,57,46,13,11,4,1,0,0,0,0,0,0,0,0,0,0,0,0,0,0,0,0,5,333,11,5,0,0,6,1497,-1491,-4.2722,2,-11,0,0,0,0,0,0,0,0,0,0,0,0,0,0,2,6,10,14,27,32,44,37,43,37,35,30,11,8,9,2,0,1,1,347,0,2,2643,2643,7.5731,0,0,-11.8453,-11.8453,0,-2.4088,-2.5075,0.0987,0.0874,-1.271
Caleb Love,PHI,SG,7,4,11,-2,-3.4357,-1.489,-1.9467,0,0,0,1,2,1,18,27,31,41,50,58,54,36,13,12,4,1,0,0,0,0,0,0,0,0,0,0,0,0,0,66,229,54,57,0,9,119,680,-561,-1.6074,5,-9,6,6,0,0,0,0,0,0,0,0,0,0,3,6,11,19,30,39,41,39,41,37,33,22,9,8,7,2,0,1,1,0,0,329,9,11,1841,1829,5.2407,0,0,-6.8481,-6.8309,-0.0172,-1.3926,-1.3711,-0.0215,-0.5876,0.1634
Jalen Smith,CHI,C,8,13,21,0,1.5465,1.3377,0.2088,0,0,0,0,0,0,0,0,1,2,7,10,25,32,30,42,33,50,44,27,23,14,6,3,0,0,0,0,0,0,0,304,20,25,4,194,106,1456,34,1422,4.0745,11,-4,93,8,0,0,0,0,0,0,1,4,12,13,38,46,53,42,32,30,25,16,15,14,4,2,2,0,0,0,0,0,0,0,0,182,114,53,634,399,1.1433,0,0,2.9312,3.1977,-0.2665,0.5961,0.7396,-0.1435,0.0307,0.0995
Jamir Watkins,WAS,SG,9,7,16,1,-1.0011,-1.888,0.8868,0,0,0,0,0,0,2,1,3,24,30,36,86,44,53,40,13,12,4,1,0,0,0,0,0,0,0,0,0,0,0,167,96,86,94,15,58,413,197,216,0.6189,7,-6,43,27,0,0,0,0,0,0,0,3,6,10,14,27,75,37,43,37,35,30,11,8,9,2,0,1,1,0,0,0,0,0,0,214,60,75,759,635,1.8195,258,44,-1.2006,-1.8166,0.616,-0.2441,-0.3397,0.0955,0.4399,-0.7732
Dylan Cardwell,SAC,C,6,10,16,1,-0.9758,-2.0774,1.1016,0,0,0,0,0,1,1,4,8,15,23,29,67,34,50,44,27,23,14,6,3,0,0,0,0,0,0,0,0,0,0,201,81,67,1,171,29,639,185,454,1.3009,8,-7,49,18,0,0,0,0,0,0,0,0,1,4,12,12,76,52,49,32,27,30,17,14,14,5,2,2,0,0,0,0,0,0,0,244,29,76,903,851,2.4384,286,42,-1.1375,-1.8166,0.6791,-0.2313,-0.3289,0.0976,0.7897,-1.2252
Gui Santos,GSW,PF,9,9,18,0,-0.2625,-0.1855,-0.0771,0,0,0,0,0,0,1,0,2,9,12,32,71,51,65,47,28,18,9,4,0,0,0,0,0,0,0,0,0,0,0,222,56,71,55,70,97,606,97,509,1.4585,7,-6,59,25,0,0,0,0,0,0,1,8,8,17,24,43,39,44,37,37,33,21,18,11,4,2,1,1,0,0,0,0,0,0,0,209,101,39,722,502,1.4384,0,0,0.0201,0.1891,-0.1691,0.0041,-0.0268,0.0308,-0.1384,0.2156
Vince Williams Jr.,2TM,SG,10,6,16,1,-0.6683,-1.6055,0.9372,0,0,0,0,0,1,1,2,14,20,25,35,51,48,42,44,36,13,12,4,1,0,0,0,0,0,0,0,0,0,0,200,98,51,154,3,43,581,224,357,1.0229,8,-7,56,21,0,0,0,0,0,0,0,0,3,6,14,20,73,46,38,43,35,25,20,9,6,7,2,0,1,1,0,0,0,0,0,233,43,73,855,777,2.2264,270,37,-1.2034,-1.8166,0.6132,-0.2447,-0.1987,-0.0461,0.4414,-0.9927
Ja'Kobe Walter,TOR,SG,10,7,17,1,-0.3793,-1.1129,0.7336,0,0,0,0,0,0,1,2,1,18,27,31,63,48,46,46,36,13,12,4,1,0,0,0,0,0,0,0,0,0,0,206,80,63,133,9,64,595,159,436,1.2493,8,-6,59,23,0,0,0,0,0,0,0,3,6,12,19,30,79,39,41,37,33,22,9,8,7,2,0,1,1,0,0,0,0,0,0,200,70,79,681,538,1.5415,241,41,-0.2923,-0.8138,0.5215,-0.0594,-0.0762,0.0168,0.268,-0.5216
Patrick Williams,CHI,PF,4,4,8,0,-4.6495,-4.1808,-0.4687,0,1,0,2,9,12,32,47,57,70,60,29,17,9,4,0,0,0,0,0,0,0,0,0,0,0,0,0,0,0,0,13,319,17,4,8,1,17,1199,-1182,-3.3868,2,-11,0,0,0,0,0,0,0,0,0,0,0,0,0,1,7,8,17,24,43,40,44,37,37,33,21,18,11,4,2,1,1,0,0,341,1,7,2253,2252,6.4527,0,0,-9.8395,-9.8395,0,-2.0009,-1.8853,-0.1156,0.1604,-1.6252
Keon Ellis,BKN,SG,9,5,14,0,-2.0646,-2.4975,0.4329,0,0,0,0,1,1,2,14,20,25,35,31,68,42,44,36,13,12,4,1,0,0,0,0,0,0,0,0,0,0,0,152,129,68,129,0,23,381,353,28,0.0802,7,-8,35,20,0,0,0,0,0,0,0,0,0,3,6,14,19,37,37,46,38,43,35,25,20,9,6,7,2,0,1,1,0,0,0,307,23,19,1432,1397,4.0029,0,0,-3.9226,-3.8223,-0.1003,-0.7977,-0.7902,-0.0075,0.5593,-1.3326
Walter Clayton,MEM,PG,6,4,10,-2,-3.737,-1.6834,-2.0536,0,0,0,2,1,3,24,30,36,60,61,57,45,13,12,4,1,0,0,0,0,0,0,0,0,0,0,0,0,0,0,30,274,45,21,0,9,53,844,-791,-2.2665,4,-9,0,0,0,0,0,0,0,0,0,0,0,0,3,6,9,14,27,32,44,37,43,37,35,30,11,8,9,2,0,1,1,0,0,331,9,9,1955,1943,5.5673,0,0,-7.8338,-7.8338,0,-1.5931,-1.4987,-0.0943,-0.7289,0.113
Javon Small,MEM,PG,12,7,19,0,0.2876,0.7242,-0.4366,0,0,0,0,0,0,0,2,0,9,19,17,42,32,31,45,42,44,36,13,12,4,1,0,0,0,0,0,0,0,0,260,47,42,187,0,73,1066,92,974,2.7908,10,-5,93,16,0,0,0,0,0,0,0,3,6,14,24,34,43,46,37,47,28,22,21,7,6,7,2,0,1,1,0,0,0,0,0,225,81,43,814,651,1.8653,0,0,0.9255,1.192,-0.2665,0.1882,0.2063,-0.0181,-0.1221,0.3376
Daniss Jenkins,DET,PG,10,5,15,0,-1.2529,-1.1519,-0.101,0,0,0,0,0,2,0,9,19,17,27,26,52,45,42,44,36,13,12,4,1,0,0,0,0,0,0,0,0,0,0,197,100,52,174,0,23,578,266,312,0.894,8,-7,55,20,0,0,0,0,0,0,0,0,0,3,6,14,23,34,44,46,37,47,28,22,21,7,6,7,2,0,1,1,0,0,0,303,23,23,1386,1351,3.8711,0,0,-2.9771,-2.8195,-0.1576,-0.6054,-0.4463,-0.1591,0.1575,-0.8193
Marvin Bagley III,DEN,PF,7,9,16,-1,-0.7745,0.3727,-1.1471,0,0,0,0,0,0,2,3,8,16,24,45,67,63,47,26,25,14,6,3,0,0,0,0,0,0,0,0,0,0,0,184,98,67,17,118,49,462,200,262,0.7507,7,-6,34,12,0,0,0,0,0,0,0,1,2,13,10,26,32,51,45,39,36,28,20,21,15,4,3,3,0,0,0,0,0,0,0,265,52,32,1028,930,2.6648,0,0,-1.914,-1.8166,-0.0974,-0.3892,-0.2437,-0.1456,-0.6898,0.5978
Justin Champagnie,WAS,SF,8,8,16,-1,-0.7959,0.0231,-0.819,0,0,0,0,0,1,0,2,9,12,32,47,75,65,47,28,18,9,4,0,0,0,0,0,0,0,0,0,0,0,0,171,103,75,54,61,56,384,200,184,0.5272,6,-7,34,19,0,0,0,0,0,0,0,1,8,8,17,24,42,40,44,37,37,33,21,18,11,4,2,1,1,0,0,0,0,0,0,249,58,42,971,852,2.4413,0,0,-1.914,-1.8166,-0.0974,-0.3892,-0.2527,-0.1365,-0.5899,0.4145
Will Richard,GSW,SG,8,6,14,0,-1.7299,-1.7103,-0.0196,0,0,0,0,0,2,1,3,24,30,36,60,70,53,40,13,12,4,1,0,0,0,0,0,0,0,0,0,0,0,0,123,156,70,77,13,33,246,353,-107,-0.3066,6,-7,16,10,0,0,0,0,0,0,0,0,3,6,10,14,26,32,44,37,43,37,35,30,11,8,9,2,0,1,1,0,0,0,0,290,33,26,1307,1243,3.5616,0,0,-3.8682,-3.8223,-0.0458,-0.7866,-0.6484,-0.1382,0.0066,-0.7546
Ron Holland,DET,SF,8,9,17,3,-0.4832,-3.0162,2.533,0,0,0,0,0,0,1,1,7,10,18,40,68,62,61,30,25,16,7,3,0,0,0,0,0,0,0,0,0,0,0,204,77,68,37,94,73,517,145,372,1.0659,7,-6,42,17,0,0,0,0,0,0,0,2,10,10,22,30,166,36,22,19,20,6,2,3,1,0,0,0,0,0,0,0,0,0,0,109,74,166,288,134,0.384,564,124,0.6819,-0.8138,1.4957,0.1387,-0.1202,0.2589,1.1925,-1.5568
Jose Alvarado,NYK,PG,12,6,18,1,0.0329,-0.7554,0.7883,0,0,0,0,0,0,1,1,4,11,18,16,38,32,31,45,42,44,36,13,12,4,1,0,0,0,0,0,0,0,0,260,51,38,214,0,46,1066,112,954,2.7335,10,-6,92,15,0,0,0,0,0,0,0,0,3,6,14,24,81,43,44,43,25,23,19,7,6,7,2,0,1,1,0,0,0,0,0,221,47,81,794,712,2.0401,268,47,0.6934,0.1891,0.5043,0.141,0.0984,0.0426,0.628,-0.7847
Kobe Sanders,LAC,SG,9,6,15,1,-1.3095,-1.874,0.5645,0,0,0,0,0,1,2,1,18,27,31,41,70,46,46,36,13,12,4,1,0,0,0,0,0,0,0,0,0,0,0,158,121,70,112,6,40,389,280,109,0.3123,7,-7,36,21,0,0,0,0,0,0,0,0,3,6,12,19,68,41,39,41,37,33,22,9,8,7,2,0,1,1,0,0,0,0,0,241,40,68,922,849,2.4327,280,39,-2.1203,-2.8195,0.6991,-0.4312,-0.4703,0.0391,0.3197,-0.7638
John Konchar,MIN,SG,8,6,14,1,-1.8614,-2.9158,1.0544,0,0,0,0,0,2,1,3,24,30,36,60,70,53,40,13,12,4,1,0,0,0,0,0,0,0,0,0,0,0,0,123,156,70,77,13,33,246,353,-107,-0.3066,6,-7,16,10,0,0,0,0,0,0,0,0,3,6,10,14,58,44,37,43,37,35,30,11,8,9,2,0,1,1,0,0,0,0,0,258,33,58,1017,953,2.7307,290,32,-3.0372,-3.8223,0.7851,-0.6176,-0.7041,0.0865,0.6349,-1.3116
Kyle Anderson,TOR,SF,6,6,12,0,-3.003,-2.8798,-0.1233,0,0,0,1,0,2,9,12,32,47,57,70,60,28,18,9,4,0,0,0,0,0,0,0,0,0,0,0,0,0,0,59,230,60,13,29,17,107,590,-483,-1.384,4,-9,1,1,0,0,0,0,0,0,0,0,0,1,8,8,16,24,43,40,44,37,37,33,21,18,11,4,2,1,1,0,0,0,0,316,17,16,1579,1552,4.447,0,0,-5.8309,-5.8281,-0.0029,-1.1858,-1.1878,0.002,0.2196,-1.0501
Yves Missi,NOP,C,6,10,16,1,-1.0873,-1.7958,0.7085,0,0,0,0,0,1,1,4,8,15,23,29,67,34,50,44,27,23,14,6,3,0,0,0,0,0,0,0,0,0,0,201,81,67,1,171,29,639,185,454,1.3009,8,-7,49,18,0,0,0,0,0,0,0,0,1,4,12,12,76,52,49,32,27,30,17,14,14,5,2,2,0,0,0,0,0,0,0,244,29,76,903,851,2.4384,286,42,-1.1375,-1.8166,0.6791,-0.2313,-0.3762,0.1448,0.6429,-0.8894
Jericho Sims,MIL,C,3,6,9,-2,-4.1537,-1.7149,-2.4388,0,0,1,3,4,12,19,28,49,56,48,48,35,23,14,6,3,0,0,0,0,0,0,0,0,0,0,0,0,0,0,46,268,35,0,45,1,81,915,-834,-2.3897,4,-10,1,1,0,0,0,0,0,0,0,0,0,0,0,1,3,11,12,28,41,49,48,40,28,27,22,16,13,5,3,2,0,0,0,345,1,3,2252,2251,6.4499,0,0,-8.8395,-8.8367,-0.0029,-1.7976,-1.6753,-0.1223,-0.7578,0.0592
Jaylin Williams,OKC,PF,9,11,20,2,0.9015,-0.9974,1.8989,0,0,0,0,0,0,0,0,2,3,8,16,51,40,45,63,47,26,25,14,6,3,0,0,0,0,0,0,0,0,0,269,29,51,27,117,125,960,49,911,2.6103,9,-4,85,28,0,0,0,0,0,1,2,13,10,26,33,51,119,28,20,21,15,4,3,3,0,0,0,0,0,0,0,0,0,0,0,94,136,119,250,-69,-0.1977,299,75,2.808,2.1948,0.6132,0.571,0.4664,0.1046,0.7088,-0.7627
Mitchell Robinson,BOS,C,7,13,20,2,1.1666,-0.4827,1.6494,0,0,0,0,0,0,0,0,2,4,10,7,25,32,27,42,33,50,44,27,23,14,6,3,0,0,0,0,0,0,0,301,23,25,1,235,65,1450,47,1403,4.0201,11,-4,91,7,0,0,0,0,0,0,0,1,4,12,13,41,140,36,25,24,17,15,13,4,2,2,0,0,0,0,0,0,0,0,0,138,71,140,441,317,0.9083,411,94,3.1117,2.1948,0.9169,0.6328,0.5787,0.0541,0.9595,-1.0294
Ryan Nembhard,ATL,PG,9,5,14,-1,-1.9199,-1.0116,-0.9083,0,0,0,0,1,1,2,14,20,25,35,31,68,42,44,36,13,12,4,1,0,0,0,0,0,0,0,0,0,0,0,152,129,68,129,0,23,381,353,28,0.0802,7,-8,35,20,0,0,0,0,0,0,0,0,0,3,6,14,19,37,37,46,38,43,35,25,20,9,6,7,2,0,1,1,0,0,0,307,23,19,1432,1397,4.0029,0,0,-3.9226,-3.8223,-0.1003,-0.7977,-0.7289,-0.0688,-0.2151,-0.1867
Andre Drummond,NYK,C,5,10,15,0,-1.4039,-1.3883,-0.0156,0,0,0,0,0,1,2,7,10,18,23,28,60,33,50,44,27,23,14,6,3,0,0,0,0,0,0,0,0,0,0,200,89,60,0,183,17,638,222,416,1.192,8,-7,49,18,0,0,0,0,0,0,0,0,0,1,4,12,12,38,46,54,42,32,30,25,16,15,14,4,2,2,0,0,0,0,0,320,17,12,1472,1449,4.1519,0,0,-2.9599,-2.8195,-0.1404,-0.6019,-0.5103,-0.0916,0.3904,-1.0141
Ryan Dunn,PHX,SF,8,9,17,1,-0.675,-1.9251,1.2501,0,0,0,0,0,0,1,1,7,10,18,40,68,62,61,30,25,16,7,3,0,0,0,0,0,0,0,0,0,0,0,204,77,68,37,94,73,517,145,372,1.0659,7,-6,42,17,0,0,0,0,0,0,0,2,10,10,22,30,90,39,37,36,22,19,20,6,2,3,1,0,0,0,0,0,0,0,0,185,74,90,619,465,1.3324,233,48,-0.2665,-0.8138,0.5473,-0.0542,-0.2015,0.1473,0.6238,-0.8723
Micah Potter,POR,C,6,11,17,-1,-0.5559,0.513,-1.0689,0,0,0,0,0,0,1,2,7,10,18,23,46,42,33,50,44,27,23,14,6,3,0,0,0,0,0,0,0,0,0,242,61,46,0,212,30,880,133,747,2.1404,9,-6,68,19,0,0,0,0,0,0,0,0,1,4,12,13,37,46,54,42,32,30,25,16,15,14,4,2,2,0,0,0,0,0,0,282,30,37,1152,1099,3.149,0,0,-1.0086,-0.8138,-0.1948,-0.2051,-0.151,-0.0541,-0.2514,0.3209
Ousmane Dieng,MIL,C,4,5,9,-2,-4.231,-2.502,-1.7289,0,0,1,1,7,10,18,40,52,64,67,38,25,16,7,3,0,0,0,0,0,0,0,0,0,0,0,0,0,0,0,26,298,25,3,21,2,39,1025,-986,-2.8252,3,-10,0,0,0,0,0,0,0,0,0,0,0,0,0,2,9,10,22,30,43,48,39,37,36,22,19,20,6,2,3,1,0,0,0,338,2,9,2100,2098,6.0115,0,0,-8.8367,-8.8367,0,-1.797,-1.708,-0.089,-0.5079,-0.357
Caris LeVert,MIL,SG,8,5,13,0,-2.544,-2.7301,0.186,0,0,0,0,1,2,1,18,27,31,41,50,66,46,36,13,12,4,1,0,0,0,0,0,0,0,0,0,0,0,0,112,171,66,89,2,21,231,451,-220,-0.6304,6,-8,15,9,0,0,0,0,0,0,0,0,0,3,6,12,18,30,39,41,39,41,37,33,22,9,8,7,2,0,1,1,0,0,0,310,21,18,1512,1479,4.2378,0,0,-4.8682,-4.8252,-0.043,-0.99,-0.9933,0.0033,0.4189,-1.2236
Sidy Cissoko,POR,SF,6,6,12,0,-2.7863,-2.8791,0.0927,0,0,0,1,0,2,9,12,32,47,57,70,60,28,18,9,4,0,0,0,0,0,0,0,0,0,0,0,0,0,0,59,230,60,13,29,17,107,590,-483,-1.384,4,-9,1,1,0,0,0,0,0,0,0,0,0,1,8,8,16,24,43,40,44,37,37,33,21,18,11,4,2,1,1,0,0,0,0,316,17,16,1579,1552,4.447,0,0,-5.8309,-5.8281,-0.0029,-1.1858,-1.096,-0.0898,0.2192,-1.2347
Taylor Hendricks,MEM,PF,6,7,13,0,-2.5458,-2.0664,-0.4794,0,0,0,0,1,1,7,10,18,40,52,64,75,30,25,16,7,3,0,0,0,0,0,0,0,0,0,0,0,0,0,81,193,75,8,51,22,171,467,-296,-0.8481,5,-8,10,9,0,0,0,0,0,0,0,0,0,2,10,10,21,30,43,48,39,37,36,22,19,20,6,2,3,1,0,0,0,0,0,306,22,21,1434,1398,4.0057,0,0,-4.8539,-4.8252,-0.0287,-0.9871,-0.9941,0.007,-0.0072,-0.5544
Day'Ron Sharpe,BKN,C,8,13,21,1,1.2747,-0.0792,1.354,0,0,0,0,0,0,0,0,1,2,7,10,25,32,30,42,33,50,44,27,23,14,6,3,0,0,0,0,0,0,0,304,20,25,4,194,106,1456,34,1422,4.0745,11,-4,93,8,0,0,0,0,0,0,1,4,12,13,38,46,95,32,30,25,16,15,14,4,2,2,0,0,0,0,0,0,0,0,0,140,114,95,452,217,0.6218,182,42,3.4527,3.1977,0.255,0.7021,0.6245,0.0776,0.7692,-0.6527
Olivier-Maxence Prosper,MEM,PF,8,10,18,-1,-0.1624,0.5228,-0.6852,0,0,0,0,0,0,0,2,3,8,16,24,67,45,63,47,26,25,14,6,3,0,0,0,0,0,0,0,0,0,0,229,53,67,29,119,81,691,102,589,1.6877,8,-5,57,23,0,0,0,0,0,0,1,2,13,10,26,33,50,45,39,36,28,20,21,15,4,3,3,0,0,0,0,0,0,0,0,214,85,50,763,580,1.6619,0,0,0.0258,0.1891,-0.1633,0.0052,0.0157,-0.0104,-0.4232,0.6383
Corey Kispert,ATL,SF,6,7,13,-2,-2.3993,-0.716,-1.6832,0,0,0,0,1,1,7,10,18,40,52,64,75,30,25,16,7,3,0,0,0,0,0,0,0,0,0,0,0,0,0,81,193,75,8,51,22,171,467,-296,-0.8481,5,-8,10,9,0,0,0,0,0,0,0,0,0,2,10,10,21,30,43,48,39,37,36,22,19,20,6,2,3,1,0,0,0,0,0,306,22,21,1434,1398,4.0057,0,0,-4.8539,-4.8252,-0.0287,-0.9871,-0.932,-0.0551,-0.7109,0.4741
Pat Spencer,PHX,PG,7,5,12,-2,-2.9386,-1.2368,-1.7018,0,0,0,0,2,1,3,24,30,36,60,61,62,40,13,12,4,1,0,0,0,0,0,0,0,0,0,0,0,0,0,70,217,62,47,4,19,123,570,-447,-1.2808,5,-8,6,6,0,0,0,0,0,0,0,0,0,3,6,10,13,27,32,44,37,43,37,35,30,11,8,9,2,0,1,1,0,0,0,317,19,13,1624,1593,4.5645,0,0,-5.8453,-5.8281,-0.0172,-1.1887,-1.1605,-0.0282,-0.5988,0.2476
Baylor Scheierman,BOS,SG,10,7,17,1,-0.3787,-0.9052,0.5265,0,0,0,0,0,0,1,2,1,18,27,31,63,48,46,46,36,13,12,4,1,0,0,0,0,0,0,0,0,0,0,206,80,63,133,9,64,595,159,436,1.2493,8,-6,59,23,0,0,0,0,0,0,0,3,6,12,19,30,79,39,41,37,33,22,9,8,7,2,0,1,1,0,0,0,0,0,0,200,70,79,681,538,1.5415,241,41,-0.2923,-0.8138,0.5215,-0.0594,-0.076,0.0166,0.1597,-0.3447
Mike Conley,BOS,PG,10,5,15,0,-1.4544,-1.2243,-0.23,0,0,0,0,0,2,0,9,19,17,27,26,52,45,42,44,36,13,12,4,1,0,0,0,0,0,0,0,0,0,0,197,100,52,174,0,23,578,266,312,0.894,8,-7,55,20,0,0,0,0,0,0,0,0,0,3,6,14,23,34,44,46,37,47,28,22,21,7,6,7,2,0,1,1,0,0,0,303,23,23,1386,1351,3.8711,0,0,-2.9771,-2.8195,-0.1576,-0.6054,-0.5317,-0.0737,0.1952,-0.709
Quenton Jackson,IND,PG,10,6,16,0,-1.1765,-0.6976,-0.4789,0,0,0,0,0,1,1,2,14,20,25,35,51,48,42,44,36,13,12,4,1,0,0,0,0,0,0,0,0,0,0,200,98,51,154,3,43,581,224,357,1.0229,8,-7,56,21,0,0,0,0,0,0,0,0,3,6,14,20,36,37,46,38,43,35,25,20,9,6,7,2,0,1,1,0,0,0,0,270,43,36,1125,1047,3,0,0,-1.9771,-1.8166,-0.1605,-0.4021,-0.414,0.0119,-0.0318,-0.1185
Jaxson Hayes,UTA,C,6,10,16,0,-1.0506,-0.7077,-0.3429,0,0,0,0,0,1,1,4,8,15,23,29,67,34,50,44,27,23,14,6,3,0,0,0,0,0,0,0,0,0,0,201,81,67,1,171,29,639,185,454,1.3009,8,-7,49,18,0,0,0,0,0,0,0,0,1,4,12,12,34,42,52,49,32,27,30,17,14,14,5,2,2,0,0,0,0,0,0,286,29,34,1189,1137,3.2579,0,0,-1.957,-1.8166,-0.1404,-0.398,-0.3606,-0.0373,0.0757,-0.3466
Alex Caruso,OKC,SG,13,9,22,3,1.7543,-0.9721,2.7264,0,0,0,0,0,0,0,0,1,1,2,14,33,26,43,29,48,42,44,36,13,12,4,1,0,0,0,0,0,0,0,298,18,33,131,13,154,1380,25,1355,3.8825,11,-4,108,14,0,0,0,0,0,3,6,14,20,37,37,46,140,20,9,6,7,2,0,1,1,0,0,0,0,0,0,0,0,0,0,46,163,140,109,-329,-0.9427,326,103,4.8252,4.2006,0.6246,0.9812,0.8277,0.1536,1.1639,-1.1465
Craig Porter Jr.,CLE,PG,10,6,16,0,-1.0739,-1.3414,0.2674,0,0,0,0,0,1,1,2,14,20,25,35,51,48,42,44,36,13,12,4,1,0,0,0,0,0,0,0,0,0,0,200,98,51,154,3,43,581,224,357,1.0229,8,-7,56,21,0,0,0,0,0,0,0,0,3,6,14,20,36,37,46,38,43,35,25,20,9,6,7,2,0,1,1,0,0,0,0,270,43,36,1125,1047,3,0,0,-1.9771,-1.8166,-0.1605,-0.4021,-0.3705,-0.0315,0.3037,-0.7562
Jordan Clarkson,NYK,SG,8,6,14,-1,-1.7627,-1.0464,-0.7163,0,0,0,0,0,2,1,3,24,30,36,60,70,53,40,13,12,4,1,0,0,0,0,0,0,0,0,0,0,0,0,123,156,70,77,13,33,246,353,-107,-0.3066,6,-7,16,10,0,0,0,0,0,0,0,0,3,6,10,14,26,32,44,37,43,37,35,30,11,8,9,2,0,1,1,0,0,0,0,290,33,26,1307,1243,3.5616,0,0,-3.8682,-3.8223,-0.0458,-0.7866,-0.6623,-0.1243,-0.3394,-0.1593
Kasparas Jakučionis,MIL,PG,10,7,17,0,-0.6006,-0.3692,-0.2314,0,0,0,0,0,0,1,2,1,18,27,31,63,48,46,46,36,13,12,4,1,0,0,0,0,0,0,0,0,0,0,206,80,63,133,9,64,595,159,436,1.2493,8,-6,59,23,0,0,0,0,0,0,0,3,6,12,19,30,38,41,39,41,37,33,22,9,8,7,2,0,1,1,0,0,0,0,0,241,70,38,922,779,2.2321,0,0,-0.9828,-0.8138,-0.1691,-0.1999,-0.17,-0.0299,-0.1197,0.0032
Jordan Walsh,BOS,PF,9,10,19,1,0.3614,-0.7195,1.0809,0,0,0,0,0,0,0,1,1,7,10,18,68,40,62,61,30,25,16,7,3,0,0,0,0,0,0,0,0,0,0,244,37,68,44,92,108,761,68,693,1.9857,8,-5,71,29,0,0,0,0,0,0,2,10,10,22,30,43,86,37,36,22,19,20,6,2,3,1,0,0,0,0,0,0,0,0,0,146,117,86,434,163,0.467,185,39,1.5186,1.192,0.3266,0.3088,0.2376,0.0713,0.334,-0.3523
Javonte Green,DET,SG,12,8,20,2,0.8019,-1.101,1.9029,0,0,0,0,0,0,0,1,1,2,14,20,39,43,29,48,42,44,36,13,12,4,1,0,0,0,0,0,0,0,0,272,38,39,155,12,105,1082,63,1019,2.9198,10,-5,94,15,0,0,0,0,0,0,3,6,14,20,37,37,126,35,25,20,9,6,7,2,0,1,1,0,0,0,0,0,0,0,0,106,117,126,286,11,0.0315,336,81,2.8883,2.1948,0.6934,0.5873,0.4242,0.1631,0.8767,-0.8656
Nicolas Batum,LAC,PF,5,7,12,-1,-2.8949,-2.2342,-0.6607,0,0,0,0,2,3,8,16,24,45,56,63,58,26,25,14,6,3,0,0,0,0,0,0,0,0,0,0,0,0,0,74,217,58,1,57,16,157,571,-414,-1.1862,5,-8,10,9,0,0,0,0,0,0,0,0,0,1,2,13,9,26,33,51,45,39,36,28,20,21,15,4,3,3,0,0,0,0,0,324,16,9,1650,1630,4.6705,0,0,-5.8567,-5.8281,-0.0287,-1.191,-1.142,-0.049,-0.0441,-0.6879
Adem Bona,PHI,C,5,9,14,0,-1.9817,-2.2902,0.3085,0,0,0,0,1,1,4,8,15,23,29,50,51,50,44,27,23,14,6,3,0,0,0,0,0,0,0,0,0,0,0,167,131,51,0,150,17,438,316,122,0.3496,7,-8,31,9,0,0,0,0,0,0,0,0,0,1,4,12,11,35,42,52,49,32,27,30,17,14,14,5,2,2,0,0,0,0,0,321,17,11,1510,1487,4.2607,0,0,-3.9112,-3.8223,-0.0888,-0.7954,-0.7551,-0.0403,0.5504,-1.3382
Josh Okogie,UTA,SG,10,7,17,1,-0.4493,-1.5521,1.1028,0,0,0,0,0,0,1,2,1,18,27,31,63,48,46,46,36,13,12,4,1,0,0,0,0,0,0,0,0,0,0,206,80,63,133,9,64,595,159,436,1.2493,8,-6,59,23,0,0,0,0,0,0,0,3,6,12,19,30,79,39,41,37,33,22,9,8,7,2,0,1,1,0,0,0,0,0,0,200,70,79,681,538,1.5415,241,41,-0.2923,-0.8138,0.5215,-0.0594,-0.1059,0.0465,0.4969,-0.8372
Jarred Vanderbilt,LAL,PF,5,7,12,0,-2.6974,-2.3428,-0.3547,0,0,0,0,2,3,8,16,24,45,56,63,58,26,25,14,6,3,0,0,0,0,0,0,0,0,0,0,0,0,0,74,217,58,1,57,16,157,571,-414,-1.1862,5,-8,10,9,0,0,0,0,0,0,0,0,0,1,2,13,9,26,33,51,45,39,36,28,20,21,15,4,3,3,0,0,0,0,0,324,16,9,1650,1630,4.6705,0,0,-5.8567,-5.8281,-0.0287,-1.191,-1.0583,-0.1327,0.0124,-0.9494
Jared McCain,OKC,SG,8,5,13,-1,-2.1062,-0.8641,-1.2421,0,0,0,0,1,2,1,18,27,31,41,50,66,46,36,13,12,4,1,0,0,0,0,0,0,0,0,0,0,0,0,112,171,66,89,2,21,231,451,-220,-0.6304,6,-8,15,9,0,0,0,0,0,0,0,0,0,3,6,12,18,30,39,41,39,41,37,33,22,9,8,7,2,0,1,1,0,0,0,310,21,18,1512,1479,4.2378,0,0,-4.8682,-4.8252,-0.043,-0.99,-0.8078,-0.1821,-0.5536,-0.0035
Quinten Post,MEM,PF,7,11,18,0,0.0089,-0.1393,0.1482,0,0,0,0,0,0,1,1,4,8,15,23,48,48,34,50,44,27,23,14,6,3,0,0,0,0,0,0,0,0,0,249,52,48,7,183,59,888,104,784,2.2464,9,-6,69,20,0,0,0,0,0,0,0,1,4,12,12,35,41,52,49,32,27,30,17,14,14,5,2,2,0,0,0,0,0,0,0,244,64,41,903,787,2.255,0,0,-0.0086,0.1891,-0.1977,-0.0017,0.0882,-0.09,0.1276,-0.3311
Anthony Gill,WAS,PF,4,6,10,-2,-3.6783,-1.9349,-1.7434,0,0,0,2,3,8,16,24,45,56,63,50,34,25,14,6,3,0,0,0,0,0,0,0,0,0,0,0,0,0,0,48,267,34,2,43,3,83,838,-755,-2.1633,4,-9,1,1,0,0,0,0,0,0,0,0,0,0,1,2,12,10,26,33,51,45,39,36,28,20,21,15,4,3,3,0,0,0,0,334,3,12,1984,1980,5.6734,0,0,-7.8367,-7.8338,-0.0029,-1.5936,-1.4738,-0.1198,-0.5598,-0.198
T.J. McConnell,IND,PG,13,7,20,0,0.9528,0.8239,0.129,0,0,0,0,0,0,0,1,1,4,11,18,29,25,32,31,45,42,44,36,13,12,4,1,0,0,0,0,0,0,0,285,35,29,212,0,73,1351,61,1290,3.6963,11,-5,106,14,0,0,0,0,0,0,0,3,6,14,24,35,46,43,44,43,25,23,19,7,6,7,2,0,1,1,0,0,0,0,0,221,82,46,794,630,1.8052,0,0,1.8911,2.1948,-0.3037,0.3846,0.4881,-0.1036,0.1593,-0.1195
Nikola Jović,MIA,PF,6,7,13,1,-2.5312,-3.1128,0.5816,0,0,0,0,1,1,7,10,18,40,52,64,75,30,25,16,7,3,0,0,0,0,0,0,0,0,0,0,0,0,0,81,193,75,8,51,22,171,467,-296,-0.8481,5,-8,10,9,0,0,0,0,0,0,0,0,0,2,10,10,51,43,48,39,37,36,22,19,20,6,2,3,1,0,0,0,0,0,0,276,22,51,1128,1092,3.1289,306,30,-3.9771,-4.8252,0.8481,-0.8088,-0.9879,0.1791,0.5383,-1.0805
Sharife Cooper,WAS,PG,7,4,11,-2,-3.3627,-1.2901,-2.0725,0,0,0,1,2,1,18,27,31,41,50,58,54,36,13,12,4,1,0,0,0,0,0,0,0,0,0,0,0,0,0,66,229,54,57,0,9,119,680,-561,-1.6074,5,-9,6,6,0,0,0,0,0,0,0,0,0,0,3,6,11,19,30,39,41,39,41,37,33,22,9,8,7,2,0,1,1,0,0,329,9,11,1841,1829,5.2407,0,0,-6.8481,-6.8309,-0.0172,-1.3926,-1.3401,-0.0525,-0.6912,0.2709
Robert Williams,POR,C,8,13,21,2,1.3797,-0.6004,1.9801,0,0,0,0,0,0,0,0,1,2,7,10,25,32,30,42,33,50,44,27,23,14,6,3,0,0,0,0,0,0,0,304,20,25,4,194,106,1456,34,1422,4.0745,11,-4,93,8,0,0,0,0,0,0,1,4,12,13,38,46,127,30,25,16,15,14,4,2,2,0,0,0,0,0,0,0,0,0,0,108,114,127,312,77,0.2206,322,74,3.8539,3.1977,0.6562,0.7837,0.669,0.1147,1.0408,-1.0136
Josh Minott,BKN,PF,10,11,21,1,1.4137,0.0572,1.3565,0,0,0,0,0,0,0,0,1,1,7,10,43,43,40,62,61,30,25,16,7,3,0,0,0,0,0,0,0,0,0,287,19,43,45,90,152,1048,31,1017,2.914,9,-4,97,26,0,0,0,0,0,2,10,10,22,30,43,48,75,36,22,19,20,6,2,3,1,0,0,0,0,0,0,0,0,0,0,109,165,75,288,-148,-0.4241,146,37,3.3381,3.1977,0.1404,0.6788,0.6834,-0.0045,0.2709,-0.2011
Tyrese Martin,PHI,SG,7,5,12,-1,-2.7759,-1.991,-0.7849,0,0,0,0,2,1,3,24,30,36,60,61,62,40,13,12,4,1,0,0,0,0,0,0,0,0,0,0,0,0,0,70,217,62,47,4,19,123,570,-447,-1.2808,5,-8,6,6,0,0,0,0,0,0,0,0,0,3,6,10,13,27,32,44,37,43,37,35,30,11,8,9,2,0,1,1,0,0,0,317,19,13,1624,1593,4.5645,0,0,-5.8453,-5.8281,-0.0172,-1.1887,-1.0915,-0.0971,-0.2057,-0.5358
Simone Fontecchio,MIA,SF,9,9,18,0,0.2723,0.7691,-0.4968,0,0,0,0,0,0,1,0,2,9,12,32,71,51,65,47,28,18,9,4,0,0,0,0,0,0,0,0,0,0,0,222,56,71,55,70,97,606,97,509,1.4585,7,-6,59,25,0,0,0,0,0,0,1,8,8,17,24,43,39,44,37,37,33,21,18,11,4,2,1,1,0,0,0,0,0,0,0,209,101,39,722,502,1.4384,0,0,0.0201,0.1891,-0.1691,0.0041,0.1998,-0.1957,-0.6359,0.5743
Rayan Rupert,PHI,SG,3,3,6,-1,-5.7597,-4.3404,-1.4193,1,0,2,9,12,32,47,57,70,60,29,18,8,4,0,0,0,0,0,0,0,0,0,0,0,0,0,0,0,0,0,4,337,8,1,3,0,4,1536,-1532,-4.3897,1,-12,0,0,0,0,0,0,0,0,0,0,0,0,0,0,0,8,8,17,24,43,40,44,37,37,33,21,18,11,4,2,1,1,0,349,0,0,2602,2602,7.4556,0,0,-11.8453,-11.8453,0,-2.4088,-2.3557,-0.0531,-0.1256,-1.2481
Bones Hyland,MIN,PG,12,7,19,0,0.447,0.5091,-0.062,0,0,0,0,0,0,0,2,0,9,19,17,42,32,31,45,42,44,36,13,12,4,1,0,0,0,0,0,0,0,0,260,47,42,187,0,73,1066,92,974,2.7908,10,-5,93,16,0,0,0,0,0,0,0,3,6,14,24,34,43,46,37,47,28,22,21,7,6,7,2,0,1,1,0,0,0,0,0,225,81,43,814,651,1.8653,0,0,0.9255,1.192,-0.2665,0.1882,0.2739,-0.0856,-0.01,0.0176
Gabe Vincent,ATL,PG,8,4,12,-1,-2.9051,-1.8302,-1.0749,0,0,0,1,1,2,14,20,25,35,31,49,61,44,36,13,12,4,1,0,0,0,0,0,0,0,0,0,0,0,0,110,178,61,101,0,9,229,531,-302,-0.8653,6,-9,15,9,0,0,0,0,0,0,0,0,0,0,3,6,13,20,37,37,46,38,43,35,25,20,9,6,7,2,0,1,1,0,0,327,9,13,1759,1747,5.0057,0,0,-5.8711,-5.8281,-0.043,-1.1939,-1.1463,-0.0476,-0.1366,-0.4795
Isaiah Jackson,LAC,C,6,8,14,-1,-1.8977,-1.1858,-0.7119,0,0,0,0,0,2,3,8,16,24,45,56,74,47,26,25,14,6,3,0,0,0,0,0,0,0,0,0,0,0,0,121,154,74,4,91,26,278,354,-76,-0.2178,6,-7,22,12,0,0,0,0,0,0,0,0,1,2,13,10,25,33,51,45,39,36,28,20,21,15,4,3,3,0,0,0,0,0,0,298,26,25,1326,1280,3.6676,0,0,-3.8854,-3.8223,-0.063,-0.7901,-0.7195,-0.0706,-0.2341,-0.2091
Jevon Carter,ORL,PG,8,4,12,-1,-2.7847,-1.6006,-1.1841,0,0,0,1,1,2,14,20,25,35,31,49,61,44,36,13,12,4,1,0,0,0,0,0,0,0,0,0,0,0,0,110,178,61,101,0,9,229,531,-302,-0.8653,6,-9,15,9,0,0,0,0,0,0,0,0,0,0,3,6,13,20,37,37,46,38,43,35,25,20,9,6,7,2,0,1,1,0,0,327,9,13,1759,1747,5.0057,0,0,-5.8711,-5.8281,-0.043,-1.1939,-1.0953,-0.0986,-0.2562,-0.3862
Trendon Watford,NOP,PF,3,5,8,-2,-4.7336,-2.6433,-2.0903,0,0,2,3,8,16,24,45,56,63,50,34,25,14,6,3,0,0,0,0,0,0,0,0,0,0,0,0,0,0,0,23,301,25,0,22,1,35,1139,-1104,-3.1633,3,-10,0,0,0,0,0,0,0,0,0,0,0,0,0,1,1,13,10,26,33,51,45,39,36,28,20,21,15,4,3,3,0,0,0,347,1,1,2331,2330,6.6762,0,0,-9.8395,-9.8395,0,-2.0009,-1.9209,-0.08,-0.5587,-0.3367
Dru Smith,MIA,SG,11,7,18,2,-0.1153,-2.1818,2.0665,0,0,0,0,0,0,1,1,2,14,20,25,57,29,48,42,44,36,13,12,4,1,0,0,0,0,0,0,0,0,0,229,63,57,156,1,72,810,126,684,1.9599,9,-6,79,23,0,0,0,0,0,0,0,3,6,14,20,37,120,43,35,25,20,9,6,7,2,0,1,1,0,0,0,0,0,0,0,149,80,120,435,277,0.7937,420,84,1.1662,0.1891,0.9771,0.2372,0.0356,0.2015,1.0867,-1.336
Luka Garza,BOS,C,7,12,19,-1,0.7943,2.1684,-1.3741,0,0,0,0,0,0,0,1,2,7,10,18,39,30,42,33,50,44,27,23,14,6,3,0,0,0,0,0,0,0,0,272,38,39,3,206,63,1152,72,1080,3.0946,10,-5,85,17,0,0,0,0,0,0,0,1,4,12,13,38,45,54,42,32,30,25,16,15,14,4,2,2,0,0,0,0,0,0,0,236,68,45,870,749,2.1461,0,0,0.9484,1.192,-0.2436,0.1929,0.421,-0.2281,-0.763,1.0168
Buddy Hield,ATL,SG,9,6,15,-1,-1.4312,-0.8805,-0.5507,0,0,0,0,0,1,2,1,18,27,31,41,70,46,46,36,13,12,4,1,0,0,0,0,0,0,0,0,0,0,0,158,121,70,112,6,40,389,280,109,0.3123,7,-7,36,21,0,0,0,0,0,0,0,0,3,6,12,19,29,39,41,39,41,37,33,22,9,8,7,2,0,1,1,0,0,0,0,280,40,29,1202,1129,3.235,0,0,-2.9226,-2.8195,-0.1032,-0.5943,-0.5219,-0.0725,-0.1981,-0.1591
Jalen Pickett,LAC,SG,8,6,14,-1,-1.8617,-1.2948,-0.5669,0,0,0,0,0,2,1,3,24,30,36,60,70,53,40,13,12,4,1,0,0,0,0,0,0,0,0,0,0,0,0,123,156,70,77,13,33,246,353,-107,-0.3066,6,-7,16,10,0,0,0,0,0,0,0,0,3,6,10,14,26,32,44,37,43,37,35,30,11,8,9,2,0,1,1,0,0,0,0,290,33,26,1307,1243,3.5616,0,0,-3.8682,-3.8223,-0.0458,-0.7866,-0.7043,-0.0824,-0.2099,-0.287
Jalen Wilson,ATL,PF,4,5,9,-2,-4.5086,-2.6006,-1.908,0,0,1,1,7,10,18,40,52,64,67,38,25,16,7,3,0,0,0,0,0,0,0,0,0,0,0,0,0,0,0,26,298,25,3,21,2,39,1025,-986,-2.8252,3,-10,0,0,0,0,0,0,0,0,0,0,0,0,0,2,9,10,22,30,43,48,39,37,36,22,19,20,6,2,3,1,0,0,0,338,2,9,2100,2098,6.0115,0,0,-8.8367,-8.8367,0,-1.797,-1.8256,0.0286,-0.4565,-0.204
Jaden Hardy,LAL,SG,8,6,14,-2,-2.0616,-0.3349,-1.7267,0,0,0,0,0,2,1,3,24,30,36,60,70,53,40,13,12,4,1,0,0,0,0,0,0,0,0,0,0,0,0,123,156,70,77,13,33,246,353,-107,-0.3066,6,-7,16,10,0,0,0,0,0,0,0,0,3,6,10,14,26,32,44,37,43,37,35,30,11,8,9,2,0,1,1,0,0,0,0,290,33,26,1307,1243,3.5616,0,0,-3.8682,-3.8223,-0.0458,-0.7866,-0.789,0.0023,-0.7103,0.7039
Kobe Brown,IND,PF,5,7,12,-2,-2.8196,-1.2835,-1.5362,0,0,0,0,2,3,8,16,24,45,56,63,58,26,25,14,6,3,0,0,0,0,0,0,0,0,0,0,0,0,0,74,217,58,1,57,16,157,571,-414,-1.1862,5,-8,10,9,0,0,0,0,0,0,0,0,0,1,2,13,9,26,33,51,45,39,36,28,20,21,15,4,3,3,0,0,0,0,0,324,16,9,1650,1630,4.6705,0,0,-5.8567,-5.8281,-0.0287,-1.191,-1.1101,-0.0809,-0.5397,0.06
Nae'Qwan Tomlin,CLE,PF,7,8,15,0,-1.255,-1.605,0.3501,0,0,0,0,0,1,1,7,10,18,40,52,78,61,30,25,16,7,3,0,0,0,0,0,0,0,0,0,0,0,0,142,129,78,25,76,41,313,274,39,0.1117,6,-7,25,15,0,0,0,0,0,0,0,0,2,10,10,22,29,43,48,39,37,36,22,19,20,6,2,3,1,0,0,0,0,0,0,276,44,29,1128,1048,3.0029,0,0,-2.8911,-2.8195,-0.0716,-0.5879,-0.4472,-0.1407,0.1057,-0.828
Pete Nance,MIL,PF,6,8,14,-1,-1.7296,-0.9002,-0.8294,0,0,0,0,0,2,3,8,16,24,45,56,74,47,26,25,14,6,3,0,0,0,0,0,0,0,0,0,0,0,0,121,154,74,4,91,26,278,354,-76,-0.2178,6,-7,22,12,0,0,0,0,0,0,0,0,1,2,13,10,25,33,51,45,39,36,28,20,21,15,4,3,3,0,0,0,0,0,0,298,26,25,1326,1280,3.6676,0,0,-3.8854,-3.8223,-0.063,-0.7901,-0.6483,-0.1418,-0.3829,-0.1087
Ochai Agbaji,2TM,SG,6,5,11,0,-3.1307,-3.0853,-0.0455,0,0,0,1,1,3,9,27,34,51,66,63,55,19,12,7,1,0,0,0,0,0,0,0,0,0,0,0,0,0,0,39,255,55,16,9,14,68,711,-643,-1.8424,4,-9,0,0,0,0,0,0,0,0,0,0,0,0,6,8,9,19,34,41,41,41,39,35,32,19,10,9,4,0,1,1,0,0,0,326,14,9,1761,1741,4.9885,0,0,-6.8309,-6.8309,0,-1.3891,-1.2419,-0.1472,0.1579,-1.3515
Josh Green,UTA,SG,9,7,16,0,-0.866,-1.2941,0.4281,0,0,0,0,0,0,2,1,3,24,30,36,86,44,53,40,13,12,4,1,0,0,0,0,0,0,0,0,0,0,0,167,96,86,94,15,58,413,197,216,0.6189,7,-6,43,27,0,0,0,0,0,0,0,3,6,10,14,27,31,44,37,43,37,35,30,11,8,9,2,0,1,1,0,0,0,0,0,258,60,31,1017,893,2.5587,0,0,-1.9398,-1.8166,-0.1232,-0.3945,-0.2824,-0.1121,0.1304,-0.702
Leonard Miller,CHI,SF,8,8,16,-1,-0.9442,-0.1651,-0.7791,0,0,0,0,0,1,0,2,9,12,32,47,75,65,47,28,18,9,4,0,0,0,0,0,0,0,0,0,0,0,0,171,103,75,54,61,56,384,200,184,0.5272,6,-7,34,19,0,0,0,0,0,0,0,1,8,8,17,24,42,40,44,37,37,33,21,18,11,4,2,1,1,0,0,0,0,0,0,249,58,42,971,852,2.4413,0,0,-1.914,-1.8166,-0.0974,-0.3892,-0.3156,-0.0737,-0.4918,0.3804
Gary Payton II,GSW,SG,12,8,20,1,0.8509,-0.1507,1.0016,0,0,0,0,0,0,0,1,1,2,14,20,39,43,29,48,42,44,36,13,12,4,1,0,0,0,0,0,0,0,0,272,38,39,155,12,105,1082,63,1019,2.9198,10,-5,94,15,0,0,0,0,0,0,3,6,14,20,37,37,83,43,35,25,20,9,6,7,2,0,1,1,0,0,0,0,0,0,0,149,117,83,435,160,0.4585,187,38,2.4613,2.1948,0.2665,0.5005,0.4449,0.0556,0.3814,-0.2808
Kenrich Williams,OKC,PF,6,8,14,-1,-1.9186,-0.9551,-0.9635,0,0,0,0,0,2,3,8,16,24,45,56,74,47,26,25,14,6,3,0,0,0,0,0,0,0,0,0,0,0,0,121,154,74,4,91,26,278,354,-76,-0.2178,6,-7,22,12,0,0,0,0,0,0,0,0,1,2,13,10,25,33,51,45,39,36,28,20,21,15,4,3,3,0,0,0,0,0,0,298,26,25,1326,1280,3.6676,0,0,-3.8854,-3.8223,-0.063,-0.7901,-0.7284,-0.0618,-0.3543,0.0059
Justin Edwards,PHI,SF,6,7,13,-1,-2.5777,-1.5227,-1.055,0,0,0,0,1,1,7,10,18,40,52,64,75,30,25,16,7,3,0,0,0,0,0,0,0,0,0,0,0,0,0,81,193,75,8,51,22,171,467,-296,-0.8481,5,-8,10,9,0,0,0,0,0,0,0,0,0,2,10,10,21,30,43,48,39,37,36,22,19,20,6,2,3,1,0,0,0,0,0,306,22,21,1434,1398,4.0057,0,0,-4.8539,-4.8252,-0.0287,-0.9871,-1.0076,0.0205,-0.2905,-0.0627
Mouhamed Gueye,ATL,PF,7,9,16,1,-0.762,-1.8932,1.1312,0,0,0,0,0,0,2,3,8,16,24,45,67,63,47,26,25,14,6,3,0,0,0,0,0,0,0,0,0,0,0,184,98,67,17,118,49,462,200,262,0.7507,7,-6,34,12,0,0,0,0,0,0,0,1,2,13,10,26,83,45,39,36,28,20,21,15,4,3,3,0,0,0,0,0,0,0,0,214,52,83,763,665,1.9054,265,51,-1.1547,-1.8166,0.6619,-0.2348,-0.2383,0.0035,0.4911,-1.0193
Goga Bitadze,ORL,C,7,12,19,1,0.6872,-0.2805,0.9677,0,0,0,0,0,0,0,1,2,7,10,18,39,30,42,33,50,44,27,23,14,6,3,0,0,0,0,0,0,0,0,272,38,39,3,206,63,1152,72,1080,3.0946,10,-5,85,17,0,0,0,0,0,0,0,1,4,12,13,38,99,42,32,30,25,16,15,14,4,2,2,0,0,0,0,0,0,0,0,182,68,99,634,513,1.4699,236,54,1.6246,1.192,0.4327,0.3304,0.3756,-0.0452,0.5133,-0.6906
Julian Strawther,DEN,SG,8,6,14,-1,-1.8665,-0.9679,-0.8986,0,0,0,0,0,2,1,3,24,30,36,60,70,53,40,13,12,4,1,0,0,0,0,0,0,0,0,0,0,0,0,123,156,70,77,13,33,246,353,-107,-0.3066,6,-7,16,10,0,0,0,0,0,0,0,0,3,6,10,14,26,32,44,37,43,37,35,30,11,8,9,2,0,1,1,0,0,0,0,290,33,26,1307,1243,3.5616,0,0,-3.8682,-3.8223,-0.0458,-0.7866,-0.7063,-0.0803,-0.3803,-0.0036
Guerschon Yabusele,2TM,C,5,8,13,-1,-2.3678,-1.5896,-0.7782,0,0,0,0,1,3,4,12,19,28,49,56,59,45,27,23,14,6,3,0,0,0,0,0,0,0,0,0,0,0,0,118,172,59,1,101,16,272,427,-155,-0.4441,6,-8,22,12,0,0,0,0,0,0,0,0,0,1,4,11,11,28,41,49,48,40,28,27,22,16,13,5,3,2,0,0,0,0,0,322,16,11,1573,1551,4.4441,0,0,-4.8883,-4.8252,-0.063,-0.9941,-0.9187,-0.0754,-0.1069,-0.4893
Micah Peavy,NOP,SG,6,5,11,0,-3.1874,-2.9793,-0.2081,0,0,0,1,1,3,9,27,34,51,66,63,55,19,12,7,1,0,0,0,0,0,0,0,0,0,0,0,0,0,0,39,255,55,16,9,14,68,711,-643,-1.8424,4,-9,0,0,0,0,0,0,0,0,0,0,0,0,6,8,9,19,34,41,41,41,39,35,32,19,10,9,4,0,1,1,0,0,0,326,14,9,1761,1741,4.9885,0,0,-6.8309,-6.8309,0,-1.3891,-1.2659,-0.1232,0.1027,-1.2126
Rob Dillingham,CHI,PG,4,2,6,-1,-5.7156,-4.8615,-0.8541,0,2,1,3,24,30,36,60,61,57,46,13,11,4,1,0,0,0,0,0,0,0,0,0,0,0,0,0,0,0,0,5,333,11,5,0,0,6,1497,-1491,-4.2722,2,-11,0,0,0,0,0,0,0,0,0,0,0,0,0,0,2,6,10,14,27,32,44,37,43,37,35,30,11,8,9,2,0,1,1,347,0,2,2643,2643,7.5731,0,0,-11.8453,-11.8453,0,-2.4088,-2.337,-0.0718,0.1893,-1.782
Caleb Martin,DAL,SF,6,6,12,1,-3.0386,-4.0047,0.9662,0,0,0,1,0,2,9,12,32,47,57,70,60,28,18,9,4,0,0,0,0,0,0,0,0,0,0,0,0,0,0,59,230,60,13,29,17,107,590,-483,-1.384,4,-9,1,1,0,0,0,0,0,0,0,0,0,1,8,8,40,43,40,44,37,37,33,21,18,11,4,2,1,1,0,0,0,0,0,292,17,40,1263,1236,3.5415,316,24,-4.9255,-5.8281,0.9026,-1.0016,-1.2028,0.2012,0.8059,-1.5881
Karlo Matković,NOP,PF,7,9,16,0,-0.8209,-0.9151,0.0942,0,0,0,0,0,0,2,3,8,16,24,45,67,63,47,26,25,14,6,3,0,0,0,0,0,0,0,0,0,0,0,184,98,67,17,118,49,462,200,262,0.7507,7,-6,34,12,0,0,0,0,0,0,0,1,2,13,10,26,32,51,45,39,36,28,20,21,15,4,3,3,0,0,0,0,0,0,0,265,52,32,1028,930,2.6648,0,0,-1.914,-1.8166,-0.0974,-0.3892,-0.2633,-0.1259,-0.0187,-0.4627
Nick Richards,MIA,C,2,4,6,-3,-6.2089,-3.6683,-2.5406,0,2,3,8,16,24,45,56,63,50,34,26,13,6,3,0,0,0,0,0,0,0,0,0,0,0,0,0,0,0,0,9,327,13,0,9,0,12,1466,-1454,-4.1662,2,-11,0,0,0,0,0,0,0,0,0,0,0,0,0,0,0,2,13,10,26,33,51,45,39,36,28,20,21,15,4,3,3,0,0,349,0,0,2680,2680,7.6791,0,0,-11.8453,-11.8453,0,-2.4088,-2.546,0.1372,-0.3936,-0.387
Hugo González,BOS,SF,8,8,16,1,-0.7841,-2.2349,1.4507,0,0,0,0,0,1,0,2,9,12,32,47,75,65,47,28,18,9,4,0,0,0,0,0,0,0,0,0,0,0,0,171,103,75,54,61,56,384,200,184,0.5272,6,-7,34,19,0,0,0,0,0,0,0,1,8,8,17,24,82,44,37,37,33,21,18,11,4,2,1,1,0,0,0,0,0,0,0,209,58,82,722,603,1.7278,249,40,-1.2006,-1.8166,0.616,-0.2441,-0.2477,0.0036,0.5869,-1.2152
Tyus Jones,DEN,PG,5,3,8,-2,-4.5591,-2.8488,-1.7104,0,0,2,1,3,24,30,36,60,61,57,46,12,12,4,1,0,0,0,0,0,0,0,0,0,0,0,0,0,0,0,17,320,12,14,0,3,23,1164,-1141,-3.2693,3,-10,0,0,0,0,0,0,0,0,0,0,0,0,0,3,5,10,14,27,32,44,37,43,37,35,30,11,8,9,2,0,1,1,0,341,3,5,2296,2293,6.5702,0,0,-9.8395,-9.8395,0,-2.0009,-1.847,-0.1539,-0.4906,-0.6153
Dwight Powell,DAL,C,6,10,16,0,-0.9851,-1.441,0.4559,0,0,0,0,0,1,1,4,8,15,23,29,67,34,50,44,27,23,14,6,3,0,0,0,0,0,0,0,0,0,0,201,81,67,1,171,29,639,185,454,1.3009,8,-7,49,18,0,0,0,0,0,0,0,0,1,4,12,12,34,42,52,49,32,27,30,17,14,14,5,2,2,0,0,0,0,0,0,286,29,34,1189,1137,3.2579,0,0,-1.957,-1.8166,-0.1404,-0.398,-0.3329,-0.0651,0.458,-1.029
Gradey Dick,TOR,SG,7,5,12,0,-2.7413,-2.3056,-0.4357,0,0,0,0,2,1,3,24,30,36,60,61,62,40,13,12,4,1,0,0,0,0,0,0,0,0,0,0,0,0,0,70,217,62,47,4,19,123,570,-447,-1.2808,5,-8,6,6,0,0,0,0,0,0,0,0,0,3,6,10,13,27,32,44,37,43,37,35,30,11,8,9,2,0,1,1,0,0,0,317,19,13,1624,1593,4.5645,0,0,-5.8453,-5.8281,-0.0172,-1.1887,-1.0769,-0.1118,-0.0417,-0.8342
Jamaree Bouyea,PHX,PG,10,5,15,1,-1.3194,-2.2473,0.928,0,0,0,0,0,2,0,9,19,17,27,26,52,45,42,44,36,13,12,4,1,0,0,0,0,0,0,0,0,0,0,197,100,52,174,0,23,578,266,312,0.894,8,-7,55,20,0,0,0,0,0,0,0,0,0,3,6,14,57,44,46,37,47,28,22,21,7,6,7,2,0,1,1,0,0,0,0,269,23,57,1083,1048,3.0029,303,34,-2.1089,-2.8195,0.7106,-0.4289,-0.4745,0.0456,0.7284,-1.3217
Paul Reed,DET,C,10,14,24,2,3.5702,1.3583,2.2118,0,0,0,0,0,0,0,0,0,1,1,4,20,17,27,30,48,34,50,44,27,23,14,6,3,0,0,0,0,0,0,323,6,20,9,126,188,1796,9,1787,5.1203,12,-3,116,13,0,0,0,0,1,4,12,12,35,42,52,49,88,17,14,14,5,2,2,0,0,0,0,0,0,0,0,0,0,0,0,54,207,88,129,-458,-1.3123,195,57,6.4327,6.2063,0.2264,1.3081,1.597,-0.2889,0.4049,-0.5465
Gary Harris,DET,SG,5,4,9,-1,-4.1207,-3.3561,-0.7645,0,0,1,1,3,9,27,34,51,66,63,56,18,12,7,1,0,0,0,0,0,0,0,0,0,0,0,0,0,0,0,20,311,18,11,3,6,29,1022,-993,-2.8453,3,-10,0,0,0,0,0,0,0,0,0,0,0,0,0,6,7,10,19,34,41,41,41,39,35,32,19,10,9,4,0,1,1,0,0,336,6,7,2097,2091,5.9914,0,0,-8.8367,-8.8367,0,-1.797,-1.6613,-0.1357,-0.0701,-1.1723
Tristan Vukcevic,WAS,C,6,10,16,-1,-1.0185,-0.2611,-0.7573,0,0,0,0,0,1,1,4,8,15,23,29,67,34,50,44,27,23,14,6,3,0,0,0,0,0,0,0,0,0,0,201,81,67,1,171,29,639,185,454,1.3009,8,-7,49,18,0,0,0,0,0,0,0,0,1,4,12,12,34,42,52,49,32,27,30,17,14,14,5,2,2,0,0,0,0,0,0,286,29,34,1189,1137,3.2579,0,0,-1.957,-1.8166,-0.1404,-0.398,-0.347,-0.051,-0.157,0.0075
Aaron Holiday,HOU,PG,9,5,14,0,-1.6765,-1.4003,-0.2762,0,0,0,0,1,1,2,14,20,25,35,31,68,42,44,36,13,12,4,1,0,0,0,0,0,0,0,0,0,0,0,152,129,68,129,0,23,381,353,28,0.0802,7,-8,35,20,0,0,0,0,0,0,0,0,0,3,6,14,19,37,37,46,38,43,35,25,20,9,6,7,2,0,1,1,0,0,0,307,23,19,1432,1397,4.0029,0,0,-3.9226,-3.8223,-0.1003,-0.7977,-0.6258,-0.1719,-0.0126,-0.7268
Jordan Hawkins,NOP,SG,4,2,6,-2,-5.7636,-3.501,-2.2626,0,2,1,3,24,30,36,60,61,57,46,13,11,4,1,0,0,0,0,0,0,0,0,0,0,0,0,0,0,0,0,5,333,11,5,0,0,6,1497,-1491,-4.2722,2,-11,0,0,0,0,0,0,0,0,0,0,0,0,0,0,2,6,10,14,27,32,44,37,43,37,35,30,11,8,9,2,0,1,1,347,0,2,2643,2643,7.5731,0,0,-11.8453,-11.8453,0,-2.4088,-2.3573,-0.0515,-0.5198,-0.5786
Jonas Valančiūnas,DEN,C,6,12,18,-1,0.3313,1.1,-0.7688,0,0,0,0,0,0,0,2,4,10,7,19,38,27,42,33,50,44,27,23,14,6,3,0,0,0,0,0,0,0,0,269,42,38,0,239,30,1149,89,1060,3.0372,10,-5,84,16,0,0,0,0,0,0,0,0,1,4,12,13,40,47,53,41,36,25,24,17,15,13,4,2,2,0,0,0,0,0,0,279,30,40,1131,1078,3.0888,0,0,-0.0516,0.1891,-0.2407,-0.0105,0.2248,-0.2353,-0.2273,0.0906
Drew Eubanks,SAC,C,3,6,9,-1,-4.1118,-2.7788,-1.333,0,0,1,3,4,12,19,28,49,56,48,48,35,23,14,6,3,0,0,0,0,0,0,0,0,0,0,0,0,0,0,46,268,35,0,45,1,81,915,-834,-2.3897,4,-10,1,1,0,0,0,0,0,0,0,0,0,0,0,1,3,11,12,28,41,49,48,40,28,27,22,16,13,5,3,2,0,0,0,345,1,3,2252,2251,6.4499,0,0,-8.8395,-8.8367,-0.0029,-1.7976,-1.6575,-0.1401,-0.2033,-0.8855
Jaylen Clark,MIN,SG,9,6,15,1,-1.2918,-2.2775,0.9858,0,0,0,0,0,1,2,1,18,27,31,41,70,46,46,36,13,12,4,1,0,0,0,0,0,0,0,0,0,0,0,158,121,70,112,6,40,389,280,109,0.3123,7,-7,36,21,0,0,0,0,0,0,0,0,3,6,12,19,68,41,39,41,37,33,22,9,8,7,2,0,1,1,0,0,0,0,0,241,40,68,922,849,2.4327,280,39,-2.1203,-2.8195,0.6991,-0.4312,-0.4628,0.0316,0.5301,-1.1237
Noah Penda,ORL,SF,5,6,11,-1,-3.4952,-2.5909,-0.9043,0,0,0,1,1,7,10,18,40,52,64,67,38,25,16,7,3,0,0,0,0,0,0,0,0,0,0,0,0,0,0,51,260,38,5,34,12,90,727,-637,-1.8252,4,-9,1,1,0,0,0,0,0,0,0,0,0,0,2,10,9,22,30,43,48,39,37,36,22,19,20,6,2,3,1,0,0,0,0,328,12,9,1762,1748,5.0086,0,0,-6.8338,-6.8309,-0.0029,-1.3897,-1.3963,0.0066,-0.0934,-0.6265
Jett Howard,DAL,SF,6,7,13,-2,-2.2312,-0.6287,-1.6025,0,0,0,0,1,1,7,10,18,40,52,64,75,30,25,16,7,3,0,0,0,0,0,0,0,0,0,0,0,0,0,81,193,75,8,51,22,171,467,-296,-0.8481,5,-8,10,9,0,0,0,0,0,0,0,0,0,2,10,10,21,30,43,48,39,37,36,22,19,20,6,2,3,1,0,0,0,0,0,306,22,21,1434,1398,4.0057,0,0,-4.8539,-4.8252,-0.0287,-0.9871,-0.8608,-0.1263,-0.7565,0.4051
Tre Mann,WAS,PG,4,3,7,-2,-5.1697,-3.4383,-1.7314,0,1,1,3,9,27,34,51,66,63,56,19,11,7,1,0,0,0,0,0,0,0,0,0,0,0,0,0,0,0,0,8,330,11,5,3,0,9,1352,-1343,-3.8481,2,-11,0,0,0,0,0,0,0,0,0,0,0,0,0,0,5,8,10,19,34,41,41,41,39,35,32,19,10,9,4,0,1,1,0,344,0,5,2441,2441,6.9943,0,0,-10.8424,-10.8424,0,-2.2049,-2.1057,-0.0991,-0.3964,-0.7813
Terrence Shannon Jr.,MIN,SG,8,5,13,-1,-2.4817,-1.217,-1.2646,0,0,0,0,1,2,1,18,27,31,41,50,66,46,36,13,12,4,1,0,0,0,0,0,0,0,0,0,0,0,0,112,171,66,89,2,21,231,451,-220,-0.6304,6,-8,15,9,0,0,0,0,0,0,0,0,0,3,6,12,18,30,39,41,39,41,37,33,22,9,8,7,2,0,1,1,0,0,0,310,21,18,1512,1479,4.2378,0,0,-4.8682,-4.8252,-0.043,-0.99,-0.9669,-0.0231,-0.3697,0.0158
Clint Capela,HOU,C,8,13,21,3,1.583,-1.7593,3.3423,0,0,0,0,0,0,0,0,1,2,7,10,25,32,30,42,33,50,44,27,23,14,6,3,0,0,0,0,0,0,0,304,20,25,4,194,106,1456,34,1422,4.0745,11,-4,93,8,0,0,0,0,0,0,1,4,12,13,38,46,157,25,16,15,14,4,2,2,0,0,0,0,0,0,0,0,0,0,0,78,114,157,204,-31,-0.0888,430,104,4.1633,3.1977,0.9656,0.8466,0.7551,0.0916,1.6448,-2.0431
Thomas Bryant,CLE,C,7,11,18,0,-0.0122,0.1708,-0.183,0,0,0,0,0,0,1,1,4,8,15,23,48,48,34,50,44,27,23,14,6,3,0,0,0,0,0,0,0,0,0,249,52,48,7,183,59,888,104,784,2.2464,9,-6,69,20,0,0,0,0,0,0,0,1,4,12,12,35,41,52,49,32,27,30,17,14,14,5,2,2,0,0,0,0,0,0,0,244,64,41,903,787,2.255,0,0,-0.0086,0.1891,-0.1977,-0.0017,0.0793,-0.081,-0.0341,-0.0481
Jamal Cain,ORL,SF,8,7,15,0,-1.3564,-0.9783,-0.3781,0,0,0,0,0,1,1,3,9,27,34,51,82,53,49,19,12,7,1,0,0,0,0,0,0,0,0,0,0,0,0,141,126,82,68,31,42,297,264,33,0.0946,6,-7,24,17,0,0,0,0,0,0,0,0,6,8,10,19,33,41,41,41,39,35,32,19,10,9,4,0,1,1,0,0,0,0,0,273,43,33,1128,1041,2.9828,0,0,-2.8883,-2.8195,-0.0688,-0.5873,-0.4902,-0.0972,-0.2273,-0.1972
Rasheer Fleming,PHX,PF,6,9,15,0,-1.3478,-1.7833,0.4356,0,0,0,0,0,1,3,4,12,19,28,49,64,51,45,27,23,14,6,3,0,0,0,0,0,0,0,0,0,0,0,169,116,64,2,139,28,441,255,186,0.533,7,-7,31,9,0,0,0,0,0,0,0,0,1,4,11,12,27,41,49,48,40,28,27,22,16,13,5,3,2,0,0,0,0,0,0,294,28,27,1251,1201,3.4413,0,0,-2.9083,-2.8195,-0.0888,-0.5914,-0.4865,-0.1049,0.3537,-1.0912
Zeke Nnaji,DEN,PF,6,7,13,1,-2.4133,-3.192,0.7786,0,0,0,0,1,1,7,10,18,40,52,64,75,30,25,16,7,3,0,0,0,0,0,0,0,0,0,0,0,0,0,81,193,75,8,51,22,171,467,-296,-0.8481,5,-8,10,9,0,0,0,0,0,0,0,0,0,2,10,10,51,43,48,39,37,36,22,19,20,6,2,3,1,0,0,0,0,0,0,276,22,51,1128,1092,3.1289,306,30,-3.9771,-4.8252,0.8481,-0.8088,-0.938,0.1292,0.5795,-1.2488
